{"stats":{"minecraft:dropped":{"minecraft:spruce_pressure_plate":1},"minecraft:custom":{"minecraft:jump":332,"minecraft:open_chest":18,"minecraft:time_since_rest":38810,"minecraft:interact_with_blast_furnace":1,"minecraft:crouch_one_cm":898,"minecraft:sprint_one_cm":46361,"minecraft:play_time":38810,"minecraft:damage_taken":210,"minecraft:time_since_death":38810,"minecraft:walk_one_cm":46602,"minecraft:trigger_trapped_chest":1,"minecraft:bell_ring":3,"minecraft:sneak_time":1027,"minecraft:climb_one_cm":1364,"minecraft:total_world_time":38810,"minecraft:talked_to_villager":1,"minecraft:drop":1,"minecraft:fall_one_cm":1325,"minecraft:fly_one_cm":786320,"minecraft:open_barrel":3},"minecraft:used":{"ad_astra:orange_flag":1}},"DataVersion":3465}