{"stats":{"minecraft:dropped":{"minecraft:spruce_pressure_plate":1},"minecraft:custom":{"minecraft:jump":261,"minecraft:open_chest":10,"minecraft:time_since_rest":26810,"minecraft:interact_with_blast_furnace":1,"minecraft:crouch_one_cm":868,"minecraft:sprint_one_cm":37004,"minecraft:play_time":26810,"minecraft:damage_taken":210,"minecraft:time_since_death":26810,"minecraft:walk_one_cm":38128,"minecraft:bell_ring":3,"minecraft:sneak_time":657,"minecraft:climb_one_cm":1318,"minecraft:total_world_time":26810,"minecraft:talked_to_villager":1,"minecraft:drop":1,"minecraft:fall_one_cm":1325,"minecraft:fly_one_cm":499557,"minecraft:open_barrel":3},"minecraft:used":{"ad_astra:orange_flag":1}},"DataVersion":3465}