{"stats":{"minecraft:picked_up":{"minecraft:chiseled_stone_bricks":1,"minecraft:acacia_wood":1,"alexscaves:uranium":23,"minecraft:porkchop":2,"minecraft:dirt":20,"minecraft:stripped_acacia_log":1,"minecraft:red_carpet":1,"minecraft:bone":1,"minecraft:beef":7,"minecraft:acacia_slab":2,"alexscaves:uranium_shard":19},"minecraft:dropped":{"minecraft:milk_bucket":1,"minecraft:spruce_pressure_plate":1,"minecraft:beef":8},"minecraft:killed":{"minecraft:skeleton":1,"alexscaves:tremorzilla":1,"minecraft:cow":1},"minecraft:custom":{"minecraft:time_since_rest":74810,"minecraft:sprint_one_cm":56605,"minecraft:damage_taken":250,"minecraft:walk_one_cm":95985,"minecraft:trigger_trapped_chest":1,"minecraft:mob_kills":3,"minecraft:drop":10,"minecraft:damage_dealt":5577,"minecraft:talked_to_villager":1,"minecraft:fly_one_cm":1128272,"minecraft:open_barrel":4,"minecraft:open_chest":18,"minecraft:crouch_one_cm":1903,"minecraft:play_time":74810,"tombstone:undead_killed":1,"minecraft:bell_ring":3,"minecraft:sneak_time":1835,"minecraft:walk_under_water_one_cm":12248,"minecraft:boat_one_cm":14118,"minecraft:jump":463,"minecraft:interact_with_blast_furnace":1,"minecraft:time_since_death":74810,"minecraft:walk_on_water_one_cm":14151,"minecraft:climb_one_cm":1364,"minecraft:total_world_time":74810,"minecraft:fall_one_cm":1325},"minecraft:used":{"minecraft:cow_spawn_egg":1,"alexscaves:spawn_egg_tremorsaurus":11,"alexscaves:spawn_egg_tremorzilla":1,"minecraft:flint_and_steel":1,"iceandfire:dragonbone_sword_fire":3,"minecraft:glass_bottle":3,"alexscaves:submarine":2,"smallships:oak_galley":1,"smallships:dark_oak_brigg":1,"iceandfire:dragonbone_sword_ice":4,"alexscaves:spawn_egg_vallumraptor":10,"ad_astra:orange_flag":1,"smallships:oak_cog":1,"alexscaves:tremorzilla_egg":6,"minecraft:beef":1,"iceandfire:dragonsteel_lightning_sword":11,"alexscaves:cave_book":3,"minecraft:acacia_fence":24,"mowziesmobs:grottol_spawn_egg":3,"iceandfire:dragonbone_sword_lightning":60,"alexscaves:spawn_egg_nucleeper":19,"smallships:oak_brigg":1,"smallships:dark_oak_galley":1,"minecraft:splash_potion":21,"minecraft:milk_bucket":2}},"DataVersion":3465}