{"stat.flyOneCm":22131,"stat.deaths":1,"stat.walkOneCm":23507,"stat.drop":1,"stat.jump":170,"stat.swimOneCm":1708,"stat.pickup.rustic.ginseng":6,"stat.playOneMinute":11122,"stat.fallOneCm":6427,"stat.leaveGame":1,"stat.sneakTime":110,"stat.entityKilledBy.Skeleton":1,"stat.damageTaken":290,"stat.crouchOneCm":329,"stat.timeSinceDeath":6396,"stat.drop.rustic.ginseng":1,"stat.pickup.minecraft.dirt":2,"stat.sprintOneCm":18350,"stat.mineBlock.minecraft.dirt":1,"stat.useItem.minecraft.stone_slab2":1,"stat.useItem.rustic.ginseng":4,"stat.diveOneCm":2749}