{"stats":{"minecraft:picked_up":{"alexscaves:darkened_apple":1,"iceandfire:dragonsteel_ice_helmet":1,"minecraft:andesite":1,"minecraft:acacia_wood":1,"minecraft:dirt":99,"minecraft:raw_copper":8,"minecraft:bone":1,"minecraft:red_carpet":1,"minecraft:wheat_seeds":10,"minecraft:beef":7,"biomesoplenty:wildflower":1,"iceandfire:fire_dragon_flesh":1,"iceandfire:dragonsteel_ice_boots":1,"iceandfire:dragonscales_green":7,"minecraft:chiseled_stone_bricks":1,"alexscaves:uranium":23,"minecraft:gravel":1,"iceandfire:dragonsteel_ice_leggings":1,"minecraft:porkchop":2,"iceandfire:dragonsteel_ice_chestplate":1,"ad_astra:mars_sand":77,"minecraft:stripped_acacia_log":1,"minecraft:granite":8,"minecraft:acacia_slab":2,"alexscaves:uranium_shard":19,"minecraft:coal":1,"minecraft:cobblestone":74},"minecraft:dropped":{"iceandfire:dragonsteel_ice_boots":1,"minecraft:enchanted_golden_apple":35,"iceandfire:dragonsteel_ice_chestplate":1,"minecraft:milk_bucket":1,"alexscaves:darkened_apple":2,"iceandfire:dragonsteel_ice_leggings":1,"minecraft:spruce_pressure_plate":1,"minecraft:beef":8,"iceandfire:dragonsteel_ice_helmet":1},"minecraft:killed":{"ad_astra:martian_raptor":2,"minecraft:skeleton":1,"alexscaves:tremorzilla":1,"minecraft:cow":1},"minecraft:custom":{"minecraft:mob_kills":5,"minecraft:open_barrel":4,"minecraft:bell_ring":3,"minecraft:time_since_death":5566,"minecraft:climb_one_cm":1364,"minecraft:time_since_rest":5143,"minecraft:sprint_one_cm":65638,"minecraft:damage_taken":396,"minecraft:walk_one_cm":120429,"minecraft:trigger_trapped_chest":1,"minecraft:drop":20,"minecraft:damage_dealt":6097,"minecraft:talked_to_villager":1,"minecraft:fly_one_cm":1339985,"minecraft:player_kills":1,"minecraft:open_chest":18,"minecraft:crouch_one_cm":2055,"minecraft:play_time":98810,"tombstone:undead_killed":3,"minecraft:deaths":1,"minecraft:sneak_time":2364,"minecraft:walk_under_water_one_cm":13172,"minecraft:boat_one_cm":14118,"minecraft:jump":609,"minecraft:interact_with_blast_furnace":1,"minecraft:walk_on_water_one_cm":14529,"minecraft:total_world_time":98810,"minecraft:fall_one_cm":2549},"minecraft:used":{"iceandfire:tide_trident":3,"minecraft:netherite_sword":7,"minecraft:cow_spawn_egg":1,"minecraft:flint_and_steel":2,"alexscaves:spawn_egg_tremorzilla":1,"minecraft:glass_bottle":3,"smallships:oak_galley":1,"smallships:dark_oak_brigg":1,"iceandfire:dragonbone_sword_ice":4,"alexscaves:spawn_egg_vallumraptor":10,"ad_astra:orange_flag":1,"smallships:oak_cog":1,"alexscaves:tremorzilla_egg":6,"alexscaves:darkened_apple":2,"alexscaves:cave_book":3,"mowziesmobs:grottol_spawn_egg":3,"iceandfire:dragonbone_sword_lightning":60,"alexscaves:spawn_egg_nucleeper":24,"smallships:oak_brigg":1,"smallships:dark_oak_galley":1,"minecraft:milk_bucket":2,"alexscaves:spawn_egg_tremorsaurus":11,"iceandfire:dragonbone_sword_fire":3,"minecraft:grass_block":3,"alexscaves:submarine":2,"alexscaves:nuclear_siren":1,"minecraft:cobblestone":1,"minecraft:beef":1,"iceandfire:dragonsteel_lightning_sword":11,"minecraft:acacia_fence":24,"tombstone:gift":2,"alexscaves:nuclear_bomb":1,"minecraft:splash_potion":22},"minecraft:killed_by":{"minecraft:player":1}},"DataVersion":3465}