{"stats":{"minecraft:mined":{"minecraft:spruce_planks":14,"minecraft:white_bed":2,"iceandfire:copper_pile":2,"minecraft:brewing_stand":3,"minecraft:spruce_trapdoor":9,"minecraft:granite":3,"minecraft:grass_block":42,"minecraft:stone_brick_wall":2,"iceandfire:lectern":1,"minecraft:light_gray_bed":2,"minecraft:diorite_stairs":2,"minecraft:chiseled_stone_bricks":14,"minecraft:sandstone_stairs":1,"minecraft:spawner":1,"minecraft:smooth_stone":5,"biomesoplenty:tall_lavender":1,"minecraft:iron_ore":46,"minecraft:cobbled_deepslate":12,"minecraft:fire":1,"biomesoplenty:lavender":7,"minecraft:deepslate_lapis_ore":28,"minecraft:polished_deepslate_slab":1,"minecraft:oak_stairs":2,"minecraft:deepslate_redstone_ore":183,"minecraft:cut_sandstone":14,"cfm:oak_hedge":5,"minecraft:powder_snow":2,"minecraft:torch":3,"iceandfire:ghost_chest":1,"minecraft:chest":8,"minecraft:cobblestone":3,"minecraft:oak_planks":3,"minecraft:wall_torch":9,"biomesoplenty:goldenrod":2,"minecraft:skeleton_skull":2,"minecraft:lilac":3,"minecraft:smooth_stone_slab":2,"minecraft:grass":22,"biomesoplenty:clover":6,"minecraft:oak_log":100,"minecraft:sand":280,"minecraft:dirt":154,"minecraft:stonecutter":1,"minecraft:oak_leaves":54,"minecraft:deepslate":10686,"biomesoplenty:reed":1,"minecraft:tuff":1625,"biomesoplenty:watergrass":2,"iceandfire:silver_ore":4,"minecraft:deepslate_diamond_ore":54,"minecraft:oak_door":1,"minecraft:cobbled_deepslate_slab":2,"biomesoplenty:bush":2,"minecraft:sandstone":156,"minecraft:black_stained_glass_pane":4,"minecraft:diorite_slab":1,"minecraft:oak_trapdoor":1,"minecraft:chiseled_sandstone":4,"minecraft:andesite":48,"minecraft:gold_block":2,"minecraft:polished_deepslate":1,"minecraft:bookshelf":38,"minecraft:potatoes":80,"minecraft:deepslate_iron_ore":8,"minecraft:vine":2,"minecraft:lantern":4,"minecraft:stone":162,"iceandfire:podium_spruce":1,"iceandfire:pixie_jar_empty":2,"minecraft:glass_pane":7,"minecraft:red_wool":7,"minecraft:dandelion":1,"minecraft:oak_fence":6,"minecraft:crafting_table":2,"minecraft:cornflower":1,"minecraft:emerald_ore":2,"minecraft:tall_grass":2,"minecraft:copper_ore":1,"minecraft:lapis_ore":4,"minecraft:deepslate_gold_ore":62,"minecraft:diorite":5,"cfm:oak_chair":4,"minecraft:cobblestone_wall":1,"minecraft:white_carpet":4,"minecraft:spruce_log":1,"minecraft:bee_nest":1,"minecraft:yellow_bed":2,"minecraft:coal_ore":66,"iceandfire:silver_pile":3,"minecraft:sunflower":1,"minecraft:gravel":22,"minecraft:cobweb":11,"minecraft:stone_bricks":11,"minecraft:chipped_anvil":1,"minecraft:fern":2},"minecraft:custom":{"lootr:looted_stat":101,"minecraft:interact_with_crafting_table":140,"minecraft:open_barrel":3,"minecraft:leave_game":9,"minecraft:time_since_death":431980,"minecraft:sprint_one_cm":1512156,"minecraft:drop":86,"minecraft:play_time":551900,"minecraft:deaths":1,"minecraft:jump":7012,"minecraft:walk_on_water_one_cm":61655,"minecraft:enchant_item":1,"minecraft:interact_with_furnace":60,"minecraft:sleep_in_bed":14,"minecraft:damage_dealt":19084,"minecraft:crouch_one_cm":29140,"tombstone:undead_killed":52,"minecraft:horse_one_cm":2189504,"minecraft:interact_with_smoker":16,"minecraft:interact_with_smithing_table":1,"minecraft:interact_with_anvil":4,"minecraft:mob_kills":94,"minecraft:climb_one_cm":2245,"minecraft:walk_one_cm":1448093,"minecraft:raid_win":2,"minecraft:sneak_time":8928,"minecraft:walk_under_water_one_cm":27409,"minecraft:boat_one_cm":519227,"minecraft:interact_with_blast_furnace":11,"minecraft:total_world_time":551900,"tombstone:raider_killed":6,"minecraft:raid_trigger":1,"minecraft:interact_with_stonecutter":25,"minecraft:time_since_rest":119743,"minecraft:damage_taken":6715,"minecraft:trigger_trapped_chest":6,"minecraft:swim_one_cm":61102,"minecraft:fly_one_cm":1617613,"minecraft:open_chest":292,"minecraft:fall_one_cm":153060},"minecraft:crafted":{"simplytools:golden_hammer":1,"minecraft:yellow_wool":3,"minecraft:oak_planks":392,"minecraft:cut_sandstone":16,"simplytools:iron_hammer_head":2,"usefulbackpacks:backpack_small":1,"minecraft:stone":65,"securitycraft:keypad_item":1,"minecraft:bookshelf":2,"minecraft:heavy_weighted_pressure_plate":1,"smallships:sail":1,"securitycraft:laser_block":3,"minecraft:glass":14,"minecraft:diamond_helmet":1,"minecraft:diamond_leggings":1,"simplytools:stone_hammer":10,"minecraft:chest":17,"minecraft:stone_bricks":9,"minecraft:item_frame":5,"minecraft:oak_slab":48,"minecraft:diamond_axe":1,"minecraft:crafting_table":17,"simplytools:golden_excavator":1,"minecraft:spruce_planks":212,"minecraft:baked_potato":169,"mca:book_infection":1,"minecraft:stone_brick_stairs":2,"simplytools:iron_hammer":2,"minecraft:lectern":2,"mca:rose_gold_ingot":25,"minecraft:diamond_pickaxe":1,"minecraft:charcoal":65,"minecraft:yellow_dye":3,"minecraft:stick":96,"usefulbackpacks:backpack_large":1,"minecraft:iron_ingot":50,"minecraft:iron_pickaxe":1,"minecraft:gold_ingot":26,"minecraft:sandstone":80,"minecraft:shears":2,"securitycraft:universal_block_reinforcer_lvl1":2,"minecraft:oak_door":6,"mca:blueprint":1,"iceandfire:dragon_stick":1,"minecraft:stone_button":13,"minecraft:yellow_bed":1,"iceandfire:dragon_flute":1,"minecraft:glass_pane":16,"simplytools:iron_excavator":1,"minecraft:polished_deepslate":1224,"minecraft:iron_axe":1,"securitycraft:universal_block_remover":1,"mca:book_supporters":1,"cfm:oak_table":4,"minecraft:diamond_boots":1,"usefulbackpacks:backpack_medium":1,"minecraft:spruce_boat":1,"simplytools:golden_excavator_head":1,"minecraft:redstone_block":65,"minecraft:lead":4,"smallships:oak_cog":1,"cfm:oak_hedge":60,"minecraft:enchanting_table":1,"simplytools:iron_excavator_head":1,"iceandfire:tide_trident":1,"minecraft:bucket":1,"simplytools:stone_hammer_head":12,"minecraft:air":0,"simplytools:diamond_hammer":3,"minecraft:blue_dye":1,"minecraft:oak_boat":3,"mca:civil_registry":1,"mca:rose_gold_dust":64,"minecraft:oak_stairs":60,"cfm:oak_bedside_cabinet":2,"minecraft:white_bed":6,"cfm:oak_chair":8,"simplytools:golden_hammer_head":1,"minecraft:torch":104,"simplytools:diamond_hammer_head":3,"minecraft:diamond_chestplate":1},"minecraft:broken":{"simplytools:stone_hammer":11,"minecraft:iron_boots":1,"minecraft:iron_chestplate":1,"simplytools:iron_excavator":1,"minecraft:iron_sword":1,"simplytools:golden_excavator":1,"simplytools:iron_hammer":2,"minecraft:iron_pickaxe":1,"minecraft:iron_helmet":1,"simplytools:diamond_hammer":4},"minecraft:picked_up":{"minecraft:iron_chestplate":1,"minecraft:prismarine_shard":1,"minecraft:oak_stairs":2,"minecraft:enchanted_book":2,"minecraft:stone_brick_stairs":1,"minecraft:brewing_stand":3,"iceandfire:manuscript":4,"minecraft:string":12,"minecraft:raw_copper":2,"biomesoplenty:tall_lavender":1,"minecraft:iron_leggings":2,"minecraft:armor_stand":3,"minecraft:cobbled_deepslate":7059,"minecraft:gold_nugget":4,"minecraft:smooth_stone":2,"minecraft:spruce_planks":14,"minecraft:iron_pickaxe":3,"minecraft:iron_boots":1,"minecraft:stick":17,"iceandfire:ghost_chest":1,"minecraft:oak_fence":5,"minecraft:torch":12,"tombstone:grave_dust":11,"minecraft:diorite":6,"minecraft:light_gray_bed":2,"minecraft:rotten_flesh":43,"minecraft:bookshelf":27,"minecraft:cobblestone":164,"biomesoplenty:lavender":11,"minecraft:lilac":3,"minecraft:water_bucket":1,"minecraft:andesite":53,"minecraft:potato":225,"paraglider:spirit_orb":2,"minecraft:tuff":1087,"minecraft:lapis_lazuli":221,"minecraft:dirt":269,"minecraft:lantern":4,"minecraft:leather_boots":1,"securitycraft:reinforced_stone_button":9,"minecraft:bone":24,"minecraft:chipped_anvil":1,"minecraft:stonecutter":1,"minecraft:bow":1,"minecraft:wheat_seeds":17,"minecraft:raw_gold":62,"minecraft:cobbled_deepslate_slab":2,"minecraft:oak_planks":5,"iceandfire:podium_spruce":1,"minecraft:poisonous_potato":1,"iceandfire:shiny_scales":5,"minecraft:sand":341,"cfm:oak_hedge":13,"iceandfire:stymphalian_bird_feather":2,"minecraft:chiseled_sandstone":4,"minecraft:bundle":1,"minecraft:sugar":1,"minecraft:diamond":77,"minecraft:spruce_boat":1,"iceandfire:lectern":1,"minecraft:granite":3,"minecraft:emerald":2,"minecraft:chainmail_helmet":1,"minecraft:bread":1,"iceandfire:tide_trident":1,"minecraft:oak_sapling":9,"iceandfire:silver_nugget":10,"minecraft:oak_leaves":31,"iceandfire:raw_silver":4,"minecraft:diamond_pickaxe":2,"minecraft:crafting_table":2,"minecraft:pink_wool":1,"minecraft:stone_brick_wall":3,"minecraft:diorite_slab":1,"minecraft:gold_block":2,"minecraft:chain":2,"iceandfire:sea_serpent_scales_blue":6,"minecraft:cornflower":1,"minecraft:oak_trapdoor":1,"minecraft:item_frame":2,"minecraft:white_carpet":4,"iceandfire:bestiary":3,"minecraft:beef":31,"minecraft:chest":8,"minecraft:spruce_trapdoor":73,"minecraft:egg":4,"iceandfire:dragonbone":10,"minecraft:raw_iron":54,"minecraft:sandstone":178,"minecraft:stone":12,"minecraft:oak_door":3,"minecraft:carrot":4,"minecraft:redstone":659,"minecraft:prismarine_crystals":2,"minecraft:iron_horse_armor":1,"iceandfire:dragon_skull_ice":1,"iceandfire:silver_ingot":1,"minecraft:arrow":23,"minecraft:sandstone_stairs":1,"minecraft:saddle":3,"minecraft:gold_ingot":2,"minecraft:mutton":5,"minecraft:skeleton_skull":2,"minecraft:white_wool":99,"iceandfire:sea_serpent_fang":7,"minecraft:golden_carrot":1,"minecraft:cut_sandstone":14,"biomesoplenty:goldenrod":2,"minecraft:leather":16,"cfm:oak_chair":4,"minecraft:oak_log":163,"iceandfire:ectoplasm":5,"minecraft:yellow_bed":2,"minecraft:gunpowder":8,"minecraft:diorite_stairs":2,"minecraft:white_banner":3,"minecraft:red_carpet":6,"minecraft:stone_bricks":9,"iceandfire:pixie_jar_empty":2,"minecraft:iron_ingot":2,"simplytools:diamond_hammer":4,"minecraft:cobweb":8,"minecraft:book":51,"iceandfire:copper_nugget":14,"minecraft:chiseled_stone_bricks":15,"minecraft:red_wool":7,"simplytools:stone_hammer":1,"minecraft:dandelion":8,"minecraft:gravel":38,"minecraft:white_bed":2,"minecraft:spider_eye":3,"minecraft:pumpkin_seeds":1,"minecraft:slime_ball":12,"minecraft:iron_helmet":1,"minecraft:gray_wool":5,"tombstone:magic_scroll":2,"minecraft:black_wool":3,"minecraft:coal":64,"minecraft:sunflower":2},"minecraft:killed":{"minecraft:witch":2,"minecraft:spider":3,"minecraft:skeleton":13,"minecraft:iron_golem":1,"minecraft:creeper":6,"minecraft:sheep":3,"minecraft:pillager":4,"minecraft:zombie":29,"minecraft:cow":15,"iceandfire:sea_serpent":1,"minecraft:slime":1,"minecraft:horse":1,"iceandfire:siren":1,"minecraft:drowned":1,"iceandfire:ghost":9},"minecraft:dropped":{"minecraft:lapis_lazuli":13,"minecraft:baked_potato":64,"minecraft:diamond":1,"iceandfire:tide_trident":1,"minecraft:iron_horse_armor":1,"minecraft:sunflower":2,"simplytools:diamond_hammer":2,"minecraft:iron_pickaxe":2,"minecraft:white_wool":8,"minecraft:gravel":12,"iceandfire:stymphalian_bird_feather":2,"simplytools:golden_hammer":1,"usefulbackpacks:backpack_large":1,"minecraft:cobbled_deepslate":128,"minecraft:rotten_flesh":2,"minecraft:oak_planks":19,"minecraft:leather_boots":1,"iceandfire:bestiary":2,"mca:book_infection":1,"minecraft:oak_leaves":1,"minecraft:egg":2,"minecraft:bread":8,"usefulbackpacks:backpack_medium":2,"minecraft:wheat_seeds":9,"minecraft:stick":6,"minecraft:golden_carrot":1,"tombstone:magic_scroll":1,"tombstone:grave_dust":3,"minecraft:iron_leggings":1,"minecraft:chainmail_leggings":1,"simplytools:stone_hammer_head":2,"minecraft:dandelion":3,"minecraft:sweet_berries":1,"minecraft:raw_copper":2,"minecraft:iron_boots":1,"minecraft:cobbled_deepslate_slab":2,"minecraft:pumpkin_seeds":1,"minecraft:potato":84,"minecraft:spruce_trapdoor":64,"minecraft:diamond_pickaxe":1,"minecraft:andesite":4,"cfm:oak_hedge":8,"minecraft:oak_sapling":1,"minecraft:spider_eye":2},"minecraft:used":{"iceandfire:lectern":1,"iceandfire:tide_trident":23,"minecraft:chest":25,"minecraft:iron_sword":373,"minecraft:rotten_flesh":1,"securitycraft:keypad_item":1,"minecraft:spruce_boat":1,"minecraft:lava_bucket":8,"simplytools:diamond_hammer":9885,"minecraft:lantern":4,"alexscaves:limestone_pillar":4,"furnitura:oak_log_shelf":6,"minecraft:stone_brick_stairs":3,"minecraft:stone_bricks":59,"minecraft:item_frame":7,"minecraft:sweet_berries":15,"minecraft:oak_sapling":7,"minecraft:egg":3,"minecraft:potato":89,"minecraft:diorite":1,"mca:book_supporters":1,"minecraft:oak_planks":18,"neapolitan:frond_thatch_slab":5,"minecraft:diamond_axe":27,"smallships:oak_cog":1,"minecraft:sand":3,"biomesoplenty:goldenrod":2,"securitycraft:universal_block_remover":9,"minecraft:stone_brick_wall":4,"minecraft:shears":46,"cfm:oak_chair":12,"minecraft:chiseled_sandstone":74,"minecraft:stone_button":9,"minecraft:bread":121,"minecraft:lectern":2,"mca:civil_registry":1,"minecraft:gravel":8,"minecraft:lilac":3,"minecraft:andesite":26,"minecraft:cobweb":6,"minecraft:smooth_stone_slab":2,"biomesoplenty:jacaranda_leaves":5,"biomesoplenty:flowering_oak_leaves":5,"minecraft:experience_bottle":2,"minecraft:enchanting_table":1,"iceandfire:silver_sword":7,"minecraft:armor_stand":3,"minecraft:spruce_planks":96,"minecraft:oak_door":7,"minecraft:torch":115,"minecraft:dirt":216,"minecraft:white_carpet":1,"minecraft:chainmail_chestplate":1,"cfm:oak_table":4,"cfm:oak_bedside_cabinet":2,"minecraft:chipped_anvil":1,"minecraft:bookshelf":27,"minecraft:iron_axe":182,"minecraft:oak_stairs":58,"simplytools:iron_hammer":750,"simplytools:golden_excavator":49,"minecraft:golden_carrot":1,"tombstone:gift":4,"minecraft:cobbled_deepslate":106,"minecraft:light_gray_bed":2,"minecraft:water_bucket":4,"minecraft:chiseled_bookshelf":12,"minecraft:sandstone_stairs":19,"minecraft:baked_potato":38,"minecraft:cut_sandstone":155,"minecraft:stonecutter":1,"manyideas_doors:door_spruce_bookshelf":5,"minecraft:oak_slab":32,"minecraft:crafting_table":19,"cfm:oak_hedge":35,"minecraft:white_bed":8,"minecraft:cod":1,"minecraft:oak_log":4,"alexscaves:limestone_chiseled":4,"minecraft:diamond_pickaxe":47,"neapolitan:banana_stalk":6,"furnitura:jungle_log_shelf":1,"minecraft:iron_pickaxe":437,"minecraft:map":1,"tombstone:magic_scroll":3,"alexscaves:limestone_wall":2,"minecraft:spruce_trapdoor":9,"simplytools:stone_hammer":2156,"minecraft:chiseled_stone_bricks":19,"minecraft:cobblestone":53,"simplytools:iron_excavator":375,"minecraft:bucket":13,"minecraft:glass_pane":4,"minecraft:pumpkin_pie":2,"minecraft:yellow_bed":3,"minecraft:dandelion":1,"minecraft:smooth_stone":1}},"DataVersion":3465}