{"stats":{"minecraft:picked_up":{"minecraft:beef":7},"minecraft:dropped":{"minecraft:beef":8,"minecraft:spruce_pressure_plate":1},"minecraft:custom":{"minecraft:open_barrel":3,"minecraft:time_since_rest":50810,"minecraft:open_chest":18,"minecraft:crouch_one_cm":1623,"minecraft:play_time":50810,"minecraft:sprint_one_cm":51392,"minecraft:damage_taken":210,"minecraft:walk_one_cm":62328,"minecraft:sneak_time":1433,"minecraft:bell_ring":3,"minecraft:trigger_trapped_chest":1,"minecraft:walk_under_water_one_cm":5037,"minecraft:boat_one_cm":14118,"minecraft:drop":9,"minecraft:jump":384,"minecraft:interact_with_blast_furnace":1,"minecraft:walk_on_water_one_cm":2634,"minecraft:time_since_death":50810,"minecraft:total_world_time":50810,"minecraft:climb_one_cm":1364,"minecraft:talked_to_villager":1,"minecraft:fall_one_cm":1325,"minecraft:fly_one_cm":914888},"minecraft:used":{"smallships:oak_cog":1,"alexscaves:spawn_egg_tremorsaurus":11,"minecraft:beef":1,"alexscaves:cave_book":2,"smallships:oak_galley":1,"smallships:dark_oak_brigg":1,"alexscaves:submarine":2,"mowziesmobs:grottol_spawn_egg":3,"smallships:oak_brigg":1,"alexscaves:spawn_egg_vallumraptor":10,"smallships:dark_oak_galley":1,"ad_astra:orange_flag":1}},"DataVersion":3465}