{"stats":{"minecraft:picked_up":{"minecraft:chiseled_stone_bricks":1,"minecraft:acacia_wood":1,"minecraft:stripped_acacia_log":1,"minecraft:red_carpet":1,"minecraft:beef":7,"minecraft:acacia_slab":2},"minecraft:dropped":{"minecraft:spruce_pressure_plate":1,"minecraft:beef":8},"minecraft:custom":{"minecraft:time_since_rest":62810,"minecraft:sprint_one_cm":52811,"minecraft:damage_taken":220,"minecraft:walk_one_cm":80429,"minecraft:trigger_trapped_chest":1,"minecraft:drop":9,"minecraft:damage_dealt":155,"minecraft:talked_to_villager":1,"minecraft:fly_one_cm":998114,"minecraft:open_barrel":3,"minecraft:open_chest":18,"minecraft:crouch_one_cm":1663,"minecraft:play_time":62810,"minecraft:bell_ring":3,"minecraft:sneak_time":1581,"minecraft:walk_under_water_one_cm":11946,"minecraft:boat_one_cm":14118,"minecraft:jump":402,"minecraft:interact_with_blast_furnace":1,"minecraft:time_since_death":62810,"minecraft:walk_on_water_one_cm":13338,"minecraft:climb_one_cm":1364,"minecraft:total_world_time":62810,"minecraft:fall_one_cm":1325},"minecraft:used":{"alexscaves:spawn_egg_tremorsaurus":11,"minecraft:flint_and_steel":1,"iceandfire:dragonbone_sword_fire":3,"minecraft:glass_bottle":3,"alexscaves:submarine":2,"smallships:oak_galley":1,"smallships:dark_oak_brigg":1,"iceandfire:dragonbone_sword_ice":4,"alexscaves:spawn_egg_vallumraptor":10,"ad_astra:orange_flag":1,"smallships:oak_cog":1,"alexscaves:tremorzilla_egg":6,"minecraft:beef":1,"alexscaves:cave_book":3,"minecraft:acacia_fence":24,"mowziesmobs:grottol_spawn_egg":3,"iceandfire:dragonbone_sword_lightning":3,"alexscaves:spawn_egg_nucleeper":7,"smallships:oak_brigg":1,"smallships:dark_oak_galley":1,"minecraft:milk_bucket":2}},"DataVersion":3465}