{"stats":{"minecraft:dropped":{"minecraft:spruce_pressure_plate":1},"minecraft:custom":{"minecraft:jump":166,"minecraft:time_since_rest":14810,"minecraft:crouch_one_cm":719,"minecraft:sprint_one_cm":18990,"minecraft:play_time":14810,"minecraft:damage_taken":90,"minecraft:time_since_death":14810,"minecraft:walk_one_cm":13243,"minecraft:sneak_time":573,"minecraft:climb_one_cm":211,"minecraft:total_world_time":14810,"minecraft:drop":1,"minecraft:fall_one_cm":1325,"minecraft:fly_one_cm":351548},"minecraft:used":{"ad_astra:orange_flag":1}},"DataVersion":3465}