{"stats":{"minecraft:picked_up":{"alexscaves:darkened_apple":1,"minecraft:anvil":1,"iceandfire:dragonsteel_ice_helmet":3,"minecraft:andesite":2,"ad_astra:venus_sandstone":60,"minecraft:diamond_sword":1,"minecraft:acacia_wood":1,"iceandfire:dragonscales_blue":16,"minecraft:dirt":138,"minecraft:raw_copper":8,"minecraft:bone":1,"minecraft:red_carpet":1,"ad_astra:venus_sand":23,"minecraft:wheat_seeds":12,"minecraft:beef":7,"minecraft:enchanted_golden_apple":10,"biomesoplenty:wildflower":1,"iceandfire:fire_dragon_flesh":5,"iceandfire:ice_dragon_heart":2,"iceandfire:dragonsteel_ice_boots":3,"iceandfire:dragonscales_gray":41,"iceandfire:dragonbone":62,"iceandfire:dragonscales_green":10,"minecraft:chiseled_stone_bricks":1,"iceandfire:dragonscales_sapphire":36,"ad_astra:venus_cobblestone":14,"alexscaves:uranium":23,"minecraft:gravel":3,"iceandfire:dragonsteel_ice_leggings":1,"iceandfire:dragon_skull_fire":2,"minecraft:porkchop":2,"iceandfire:dragonsteel_ice_chestplate":1,"ad_astra:mars_sand":87,"newshieldvariants:tnt_shield":1,"iceandfire:dragon_skull_ice":3,"minecraft:stripped_acacia_log":1,"minecraft:soul_lantern":1,"iceandfire:dragonscales_silver":22,"iceandfire:fire_dragon_heart":1,"minecraft:granite":26,"iceandfire:ice_dragon_flesh":4,"minecraft:acacia_slab":2,"alexscaves:uranium_shard":31,"minecraft:coal":1,"minecraft:cobblestone":96},"minecraft:dropped":{"iceandfire:dragonsteel_ice_boots":2,"minecraft:enchanted_golden_apple":35,"iceandfire:dragonsteel_ice_chestplate":1,"minecraft:milk_bucket":1,"alexscaves:darkened_apple":2,"iceandfire:dragonsteel_ice_leggings":1,"minecraft:spruce_pressure_plate":1,"minecraft:beef":8,"iceandfire:dragonsteel_ice_helmet":2},"minecraft:killed":{"ad_astra:martian_raptor":2,"minecraft:skeleton":1,"alexscaves:tremorzilla":1,"minecraft:cow":1},"minecraft:custom":{"minecraft:mob_kills":5,"minecraft:open_barrel":4,"minecraft:bell_ring":3,"minecraft:time_since_death":10058,"minecraft:climb_one_cm":1364,"minecraft:time_since_rest":7659,"minecraft:sprint_one_cm":74778,"minecraft:damage_taken":1166,"minecraft:walk_one_cm":280295,"minecraft:trigger_trapped_chest":1,"minecraft:drop":22,"minecraft:damage_dealt":6207,"minecraft:talked_to_villager":1,"minecraft:fly_one_cm":2013191,"minecraft:player_kills":1,"minecraft:open_chest":18,"minecraft:crouch_one_cm":2385,"minecraft:play_time":122810,"tombstone:undead_killed":3,"minecraft:deaths":2,"minecraft:sneak_time":2837,"minecraft:walk_under_water_one_cm":13172,"minecraft:boat_one_cm":14118,"minecraft:jump":795,"minecraft:interact_with_blast_furnace":1,"minecraft:walk_on_water_one_cm":14529,"minecraft:total_world_time":122810,"minecraft:fall_one_cm":4672},"minecraft:used":{"iceandfire:spawn_egg_hydra":1,"iceandfire:tide_trident":3,"minecraft:netherite_sword":7,"minecraft:cow_spawn_egg":3,"iceandfire:spawn_egg_ice_dragon":39,"minecraft:flint_and_steel":11,"alexscaves:spawn_egg_tremorzilla":1,"minecraft:glass_bottle":3,"smallships:oak_galley":1,"smallships:dark_oak_brigg":1,"iceandfire:dragonbone_sword_ice":4,"alexscaves:spawn_egg_vallumraptor":10,"ad_astra:orange_flag":1,"smallships:oak_cog":1,"alexscaves:tremorzilla_egg":6,"alexscaves:darkened_apple":2,"alexscaves:cave_book":3,"ad_astra:martian_raptor_spawn_egg":1,"mowziesmobs:grottol_spawn_egg":3,"iceandfire:dragonbone_sword_lightning":60,"alexscaves:spawn_egg_nucleeper":24,"iceandfire:spawn_egg_fire_dragon":12,"smallships:oak_brigg":1,"smallships:dark_oak_galley":1,"minecraft:milk_bucket":2,"alexscaves:spawn_egg_tremorsaurus":11,"iceandfire:dragonbone_sword_fire":3,"minecraft:grass_block":3,"alexscaves:submarine":2,"alexscaves:nuclear_siren":3,"minecraft:cobblestone":1,"minecraft:beef":1,"iceandfire:spawn_egg_lightning_dragon":10,"iceandfire:dragonsteel_lightning_sword":11,"minecraft:acacia_fence":24,"tombstone:gift":2,"alexscaves:nuclear_bomb":19,"minecraft:splash_potion":33},"minecraft:killed_by":{"minecraft:player":1}},"DataVersion":3465}