{"stats":{"minecraft:dropped":{"minecraft:spruce_sign":1,"minecraft:bread":15,"minecraft:granite":2,"minecraft:apple":1,"minecraft:stick":6,"minecraft:bundle":1,"tombstone:grave_key":1,"minecraft:fire_charge":1,"minecraft:spruce_wood":6,"neapolitan:banana_frond":19},"minecraft:killed_by":{"iceandfire:gorgon":1,"minecraft:zombie":1},"minecraft:picked_up":{"minecraft:crafting_table":1,"minecraft:feather":2,"minecraft:chicken":2,"minecraft:andesite":1,"minecraft:leather_leggings":1,"minecraft:leather":5,"minecraft:gold_block":1,"paraglider:spirit_orb":4,"minecraft:stone_brick_stairs":1,"tombstone:grave_key":1,"minecraft:gunpowder":3,"minecraft:dirt":3,"minecraft:string":3,"minecraft:raw_copper":7,"neapolitan:banana_frond":19,"minecraft:leather_boots":1,"minecraft:bone":20,"minecraft:apple":1,"minecraft:stone_bricks":5,"minecraft:cracked_stone_bricks":1,"minecraft:bow":2,"minecraft:wheat_seeds":2,"minecraft:raw_gold":3,"minecraft:spruce_planks":7,"minecraft:beef":14,"minecraft:rose_bush":1,"minecraft:furnace":2,"minecraft:book":15,"minecraft:raw_iron":8,"minecraft:stick":3,"minecraft:cooked_porkchop":11,"minecraft:fire_charge":1,"minecraft:porkchop":11,"minecraft:spruce_log":3,"minecraft:white_bed":3,"minecraft:spider_eye":1,"minecraft:mossy_cobblestone":1,"minecraft:bundle":4,"neapolitan:banana_stalk":6,"minecraft:arrow":20,"minecraft:rotten_flesh":21,"minecraft:granite":2,"minecraft:gray_wool":2,"minecraft:spruce_sign":2,"minecraft:bread":15,"tombstone:magic_scroll":1,"iceandfire:raw_silver":5,"minecraft:light_gray_carpet":4,"minecraft:mutton":9,"minecraft:coal":12,"minecraft:skeleton_skull":1,"minecraft:white_wool":4,"minecraft:cobblestone":11},"minecraft:mined":{"minecraft:light_gray_carpet":5,"minecraft:spruce_planks":7,"minecraft:white_bed":3,"iceandfire:silver_ore":6,"minecraft:mossy_cobblestone":1,"biomesoplenty:glowing_moss_carpet":1,"minecraft:crafting_table":1,"minecraft:granite":2,"minecraft:grass_block":3,"minecraft:rose_bush":1,"minecraft:spruce_wall_sign":2,"minecraft:copper_ore":2,"minecraft:cobblestone":4,"biomesoplenty:sprout":12,"biomesoplenty:huge_clover_petal":2,"minecraft:spawner":2,"minecraft:skeleton_skull":1,"minecraft:furnace":2,"minecraft:iron_ore":8,"minecraft:fire":1,"minecraft:spruce_log":3,"minecraft:andesite":1,"neapolitan:banana_stalk":6,"minecraft:gold_block":1,"minecraft:stone_brick_stairs":1,"minecraft:grass":5,"biomesoplenty:clover":2,"minecraft:bookshelf":5,"minecraft:coal_ore":12,"minecraft:sunflower":1,"minecraft:cobweb":3,"minecraft:deepslate":6,"minecraft:cracked_stone_bricks":1,"minecraft:gold_ore":3,"minecraft:stone":8,"minecraft:stone_bricks":2,"minecraft:oak_leaves":1,"minecraft:iron_trapdoor":1},"minecraft:crafted":{"minecraft:crafting_table":2,"minecraft:spruce_planks":68,"minecraft:iron_sword":1,"minecraft:shield":1,"minecraft:spruce_wood":6,"minecraft:stick":8,"minecraft:wooden_axe":1,"minecraft:chest":4},"minecraft:custom":{"minecraft:interact_with_furnace":8,"lootr:looted_stat":37,"minecraft:mob_kills":68,"minecraft:interact_with_crafting_table":5,"minecraft:open_barrel":3,"minecraft:interact_with_campfire":12,"minecraft:bell_ring":1,"minecraft:interact_with_grindstone":2,"minecraft:leave_game":4,"minecraft:time_since_death":31321,"minecraft:sleep_in_bed":2,"minecraft:climb_one_cm":6508,"minecraft:time_since_rest":30507,"minecraft:sprint_one_cm":260671,"minecraft:damage_taken":2147483647,"minecraft:walk_one_cm":227871,"minecraft:damage_blocked_by_shield":1575,"minecraft:drop":11,"minecraft:damage_dealt":10637,"minecraft:swim_one_cm":18162,"minecraft:fly_one_cm":388181,"minecraft:open_chest":45,"minecraft:crouch_one_cm":2367,"minecraft:play_time":99631,"tombstone:undead_killed":39,"minecraft:deaths":2,"minecraft:sneak_time":1088,"minecraft:walk_under_water_one_cm":2924,"minecraft:jump":1681,"minecraft:walk_on_water_one_cm":8488,"minecraft:total_world_time":99631,"minecraft:fall_one_cm":47663},"minecraft:broken":{"minecraft:leather_leggings":1,"minecraft:iron_helmet":1,"minecraft:iron_chestplate":1,"minecraft:chainmail_boots":1},"minecraft:killed":{"minecraft:pig":7,"minecraft:spider":1,"minecraft:creeper":3,"minecraft:sheep":6,"minecraft:skeleton":12,"minecraft:zombie":27,"minecraft:chicken":2,"minecraft:cow":7,"minecraft:enderman":1},"minecraft:used":{"minecraft:rose_bush":1,"minecraft:chest":4,"minecraft:spruce_planks":22,"minecraft:shield":51,"minecraft:iron_sword":267,"minecraft:spruce_sign":2,"minecraft:dirt":2,"minecraft:crafting_table":3,"minecraft:white_bed":3,"minecraft:spruce_log":5,"minecraft:iron_axe":22,"minecraft:bread":27,"minecraft:iron_pickaxe":73,"minecraft:stone_bricks":5,"minecraft:cobblestone":2,"minecraft:bow":7,"minecraft:sweet_berries":2,"minecraft:furnace":2,"minecraft:cooked_porkchop":7,"tombstone:gift":4,"minecraft:potato":20}},"DataVersion":3465}