{"stats":{"minecraft:mined":{"minecraft:diamond_ore":4,"minecraft:tuff":498,"minecraft:white_bed":1,"iceandfire:silver_ore":23,"minecraft:deepslate_diamond_ore":132,"minecraft:cobbled_deepslate_stairs":6,"minecraft:granite":281,"minecraft:budding_amethyst":1,"minecraft:grass_block":4,"minecraft:sandstone":14,"minecraft:hay_block":6,"minecraft:magma_block":2,"minecraft:furnace":7,"minecraft:iron_ore":212,"minecraft:cobbled_deepslate":22,"minecraft:andesite":613,"neapolitan:banana_stalk":8,"minecraft:deepslate_lapis_ore":8,"biomesoplenty:magic_log":79,"neapolitan:banana_frond":6,"biomesoplenty:high_grass":1,"minecraft:deepslate_iron_ore":78,"minecraft:stone":4309,"minecraft:white_wool":8,"minecraft:smithing_table":1,"minecraft:deepslate_redstone_ore":33,"minecraft:crafting_table":13,"minecraft:torch":10,"minecraft:calcite":16,"minecraft:tall_grass":1,"minecraft:copper_ore":64,"minecraft:cobblestone":4,"minecraft:lapis_ore":8,"minecraft:deepslate_gold_ore":98,"minecraft:diorite":411,"minecraft:wall_torch":9,"biomesoplenty:magic_leaves":2,"neapolitan:small_banana_frond":4,"minecraft:wither_rose":24,"minecraft:grass":5,"biomesoplenty:clover":2,"minecraft:coal_ore":142,"minecraft:gravel":18,"minecraft:sand":94,"minecraft:dirt":27,"neapolitan:large_banana_frond":3,"minecraft:smooth_basalt":42,"minecraft:gold_ore":36,"minecraft:oak_leaves":1,"minecraft:deepslate":8304},"minecraft:custom":{"lootr:looted_stat":14,"minecraft:mob_kills":3,"minecraft:interact_with_crafting_table":30,"minecraft:open_shulker_box":3,"minecraft:leave_game":10,"minecraft:time_since_death":461767,"minecraft:climb_one_cm":2346,"minecraft:sprint_one_cm":141145,"minecraft:walk_one_cm":631535,"minecraft:drop":26,"minecraft:play_time":461767,"minecraft:sneak_time":4333,"minecraft:walk_under_water_one_cm":7495,"minecraft:jump":1100,"minecraft:walk_on_water_one_cm":9833,"minecraft:total_world_time":461767,"minecraft:interact_with_furnace":45,"minecraft:sleep_in_bed":8,"minecraft:time_since_rest":9056,"minecraft:damage_taken":120,"minecraft:damage_dealt":399,"minecraft:swim_one_cm":14614,"minecraft:fly_one_cm":210931,"minecraft:open_chest":10,"minecraft:crouch_one_cm":10309,"tombstone:undead_killed":1,"minecraft:fall_one_cm":8649},"minecraft:crafted":{"minecraft:wooden_sword":1,"simplytools:iron_hammer_head":2,"usefulbackpacks:backpack_small":1,"minecraft:furnace":2,"minecraft:flint_and_steel":1,"minecraft:glass":22,"minecraft:diamond_helmet":1,"minecraft:diamond_leggings":1,"minecraft:iron_boots":1,"minecraft:stone_pickaxe":3,"minecraft:chest":2,"biomesoplenty:magic_planks":28,"minecraft:diamond_boots":1,"minecraft:cobbled_deepslate_stairs":512,"usefulbackpacks:backpack_medium":1,"minecraft:iron_door":3,"biomesoplenty:magic_door":3,"minecraft:crafting_table":3,"minecraft:spruce_planks":56,"minecraft:iron_helmet":1,"minecraft:stone_axe":1,"minecraft:air":0,"simplytools:diamond_hammer":6,"simplytools:iron_hammer":2,"securitycraft:door_indestructible_iron_item":1,"minecraft:iron_chestplate":1,"minecraft:charcoal":47,"minecraft:shield":1,"minecraft:stick":76,"minecraft:iron_ingot":37,"minecraft:iron_pickaxe":1,"minecraft:wooden_axe":1,"minecraft:iron_leggings":1,"minecraft:gold_ingot":25,"minecraft:torch":228,"simplytools:diamond_hammer_head":6,"minecraft:diamond_chestplate":1},"minecraft:broken":{"minecraft:stone_pickaxe":2,"simplytools:iron_hammer":2,"minecraft:iron_pickaxe":1,"simplytools:diamond_hammer":5},"minecraft:picked_up":{"minecraft:crafting_table":13,"minecraft:smithing_table":1,"minecraft:wither_rose":24,"usefulbackpacks:backpack_medium":1,"minecraft:raw_copper":218,"neapolitan:banana_frond":40,"minecraft:iron_shovel":1,"minecraft:cobbled_deepslate":2570,"minecraft:iron_pickaxe":1,"minecraft:furnace":7,"minecraft:stick":14,"minecraft:raw_iron":290,"minecraft:sandstone":14,"minecraft:copper_ingot":13,"minecraft:torch":20,"minecraft:diorite":72,"minecraft:redstone":105,"neapolitan:banana_stalk":8,"minecraft:rotten_flesh":1,"minecraft:hay_block":6,"minecraft:white_wool":8,"minecraft:cobblestone":1225,"minecraft:magma_block":2,"minecraft:andesite":86,"minecraft:tuff":128,"minecraft:cobbled_deepslate_stairs":6,"minecraft:lapis_lazuli":90,"minecraft:dirt":31,"minecraft:raw_gold":126,"minecraft:iron_ingot":21,"biomesoplenty:magic_log":79,"minecraft:sand":93,"minecraft:light_blue_shulker_box":1,"minecraft:ink_sac":2,"minecraft:white_bed":1,"minecraft:diamond":134,"minecraft:granite":91,"minecraft:bread":4,"minecraft:coal":159,"iceandfire:raw_silver":23},"minecraft:killed":{"minecraft:squid":2,"minecraft:zombie":1},"minecraft:dropped":{"usefulbackpacks:backpack_medium":1,"minecraft:diamond":1,"minecraft:cobblestone":146,"minecraft:dirt":17,"minecraft:diorite":8,"minecraft:wooden_sword":1,"minecraft:sand":7,"minecraft:cobbled_deepslate":270,"minecraft:tuff":66,"minecraft:andesite":13,"minecraft:stone_pickaxe":1,"minecraft:magma_block":2},"minecraft:used":{"minecraft:iron_shovel":94,"minecraft:spruce_planks":1,"minecraft:chest":2,"minecraft:torch":248,"minecraft:dirt":14,"minecraft:granite":2,"simplytools:diamond_hammer":13795,"simplytools:iron_hammer":750,"minecraft:furnace":9,"minecraft:cobbled_deepslate":435,"minecraft:light_blue_shulker_box":2,"biomesoplenty:magic_log":5,"minecraft:stone_pickaxe":371,"minecraft:crafting_table":15,"minecraft:white_bed":1,"minecraft:cobbled_deepslate_stairs":364,"biomesoplenty:magic_door":2,"minecraft:bread":12,"minecraft:iron_pickaxe":489,"minecraft:stone_axe":94,"minecraft:wooden_sword":6,"minecraft:cobblestone":78,"minecraft:smithing_table":1}},"DataVersion":3465}