{"stat.chestOpened":13,"stat.pickup.minecraft.bone":3,"stat.useItem.iceandfire.fire_dragon_flesh":3,"stat.pickup.iceandfire.fire_dragon_flesh":7,"stat.pickup.iceandfire.dragonscales_bronze":17,"stat.leaveGame":13,"stat.pickup.minecraft.arrow":2,"stat.craftItem.tombstone.grave_key":1,"stat.pickup.securitycraft.sentry":10,"stat.useItem.securitycraft.sentry":11,"stat.pickup.minecraft.gold_nugget":12,"stat.jump":458,"stat.swimOneCm":14542,"stat.fallOneCm":10019,"stat.pickup.minecraft.cooked_porkchop":8,"stat.pickup.iceandfire.chared_gravel":15,"stat.pickup.minecraft.porkchop":1,"stat.crouchOneCm":2876,"stat.useItem.iceandfire.chared_gravel":4,"stat.pickup.iceandfire.chared_stone":15,"stat.useItem.iceandfire.troll_skull":1,"stat.pickup.minecraft.dirt":43,"stat.useItem.minecraft.stone_slab2":18,"stat.craftingTableInteraction":2,"stat.pickup.minecraft.rotten_flesh":5,"stat.pickup.iceandfire.fire_dragon_heart":2,"stat.damageTaken":2229,"stat.pickup.iceandfire.chared_cobblestone":14,"stat.pickup.minecraft.cobblestone":88,"stat.pickup.quark.black_ash":2,"stat.flyOneCm":304120,"tombstone:undead_killed":7,"stat.pickup.minecraft.wheat_seeds":1,"stat.pickup.iceandfire.ash":8,"stat.pickup.mowziesmobs.glowing_jelly":1,"stat.useItem.iceandfire.dragonsteel_ice_sword":20,"stat.pickup.quark.tallow":13,"stat.pickup.iceandfire.chared_grass":14,"stat.damageDealt":11133,"stat.useItem.mowziesmobs.spawn_egg":75,"stat.pickup.minecraft.redstone":1,"stat.timeSinceDeath":35101,"stat.useItem.mowziesmobs.wrought_axe":6,"stat.mineBlock.iceandfire.chared_dirt":2,"stat.pickup.minecraft.double_plant":1,"stat.killEntity.Bat":1,"stat.walkOneCm":84272,"stat.useItem.iceandfire.dragonbone_sword_ice":69,"stat.pickup.minecraft.stick":1,"stat.useItem.minecraft.cobblestone":26,"stat.pickup.iceandfire.dragon_skull":5,"stat.killEntity.ZombieVillager":1,"stat.killEntity.Creeper":2,"stat.useItem.iceandfire.hydra_skull":1,"stat.pickup.quark.root_flower":1,"stat.pickup.tombstone.crafting_ingredient":2,"stat.pickup.mowziesmobs.barako_mask":1,"stat.pickup.minecraft.ender_pearl":1,"stat.sprintOneCm":17529,"stat.pickup.mowziesmobs.wrought_axe":1,"stat.pickup.tombstone.magic_scroll":1,"stat.pickup.mowziesmobs.wrought_helmet":1,"stat.useItem.minecraft.stone_slab":4,"stat.pickup.iceandfire.hydra_skull":1,"stat.pickup.mowziesmobs.foliaath_seed":25,"stat.pickup.iceandfire.troll_skull":1,"stat.pickup.mowziesmobs.barakoa_mask_rage":1,"stat.killEntity.Spider":1,"stat.killEntity.WitherSkeleton":1,"stat.pickup.rustic.olives":1,"stat.killEntity.quark:dweller":1,"stat.mobKills":21,"stat.pickup.minecraft.emerald":1,"stat.pickup.iceandfire.dragonbone":11,"stat.deaths":1,"stat.pickup.mowziesmobs.barakoa_mask_fury":5,"stat.playOneMinute":69087,"stat.pickup.minecraft.red_flower":1,"stat.pickup.tombstone.grave_key":1,"stat.sneakTime":2448,"stat.killEntity.Zombie":3,"stat.pickup.iceandfire.chared_dirt":21,"stat.pickup.minecraft.stone_slab":17,"stat.killEntity.quark:ashen":1,"stat.diveOneCm":80685}