{"stats":{"minecraft:crafted":{"alexscaves:cave_map":1},"minecraft:custom":{"minecraft:jump":14,"minecraft:time_since_rest":78771,"minecraft:damage_dealt":25,"minecraft:leave_game":26,"minecraft:play_time":78771,"lootr:looted_stat":5,"minecraft:sprint_one_cm":1147,"minecraft:time_since_death":78771,"minecraft:walk_on_water_one_cm":150,"minecraft:walk_one_cm":4028,"minecraft:climb_one_cm":370,"minecraft:sneak_time":1140,"minecraft:total_world_time":78771,"minecraft:walk_under_water_one_cm":6694,"minecraft:interact_with_crafting_table":1,"minecraft:fly_one_cm":660051},"minecraft:picked_up":{"minecraft:gold_nugget":16,"minecraft:wheat_seeds":1},"minecraft:used":{"alexscaves:nuclear_bomb":1,"alexscaves:spawn_egg_tremorzilla":1,"minecraft:flint_and_steel":1,"minecraft:crafting_table":1}},"DataVersion":3465}