{"stat.chestOpened":13,"stat.pickup.minecraft.double_plant":1,"stat.walkOneCm":26657,"stat.useItem.iceandfire.dragonbone_sword_ice":69,"stat.pickup.minecraft.bone":1,"stat.useItem.iceandfire.fire_dragon_flesh":3,"stat.pickup.iceandfire.fire_dragon_flesh":7,"stat.pickup.iceandfire.dragonscales_bronze":17,"stat.leaveGame":5,"stat.pickup.securitycraft.sentry":10,"stat.pickup.iceandfire.dragon_skull":5,"stat.useItem.securitycraft.sentry":11,"stat.pickup.minecraft.gold_nugget":12,"stat.jump":257,"stat.swimOneCm":8690,"stat.fallOneCm":5653,"stat.pickup.quark.root_flower":1,"stat.pickup.minecraft.cooked_porkchop":8,"stat.pickup.iceandfire.chared_gravel":15,"stat.pickup.minecraft.porkchop":1,"stat.crouchOneCm":2522,"stat.useItem.iceandfire.chared_gravel":4,"stat.pickup.iceandfire.chared_stone":15,"stat.pickup.minecraft.dirt":19,"stat.sprintOneCm":11905,"stat.useItem.minecraft.stone_slab2":3,"stat.pickup.iceandfire.fire_dragon_heart":2,"stat.damageTaken":698,"stat.pickup.iceandfire.chared_cobblestone":14,"stat.killEntity.WitherSkeleton":1,"stat.pickup.rustic.olives":1,"stat.mobKills":4,"stat.pickup.minecraft.emerald":1,"stat.pickup.quark.black_ash":2,"stat.pickup.iceandfire.dragonbone":11,"stat.flyOneCm":174645,"stat.deaths":1,"tombstone:undead_killed":1,"stat.pickup.mowziesmobs.barakoa_mask_fury":2,"stat.pickup.minecraft.wheat_seeds":1,"stat.pickup.iceandfire.ash":8,"stat.playOneMinute":33653,"stat.pickup.minecraft.red_flower":1,"stat.sneakTime":1565,"stat.pickup.quark.tallow":13,"stat.pickup.iceandfire.chared_grass":14,"stat.damageDealt":7582,"stat.timeSinceDeath":0,"stat.pickup.iceandfire.chared_dirt":21,"stat.useItem.mowziesmobs.wrought_axe":6,"stat.mineBlock.iceandfire.chared_dirt":2,"stat.diveOneCm":32051}