{"stats":{"minecraft:mined":{"minecraft:grass":4,"minecraft:tall_grass":1},"minecraft:picked_up":{"alexscaves:darkened_apple":1,"alexscaves:nuclear_siren":2,"securitycraft:mine":1,"iceandfire:dragonbone":8,"iceandfire:dragonscales_green":3,"minecraft:milk_bucket":1,"ad_astra:venus_sandstone":4,"minecraft:andesite":5,"minecraft:leather":2,"ad_astra:venus_cobblestone":1,"iceandfire:dragonsteel_ice_leggings":1,"alexscaves:uranium":44,"minecraft:gravel":2,"iceandfire:dragon_skull_fire":1,"iceandfire:dragonsteel_ice_chestplate":1,"paraglider:heart_container":1,"ad_astra:mars_sand":10,"minecraft:dirt":698,"iceandfire:dragonsteel_ice_sword":1,"ad_astra:venus_sand":3,"minecraft:wheat_seeds":25,"minecraft:beef":4,"iceandfire:fire_dragon_heart":1,"minecraft:granite":16,"iceandfire:spawn_egg_fire_dragon":1,"minecraft:enchanted_golden_apple":34,"biomesoplenty:wildflower":2,"alexscaves:uranium_shard":12,"iceandfire:fire_dragon_flesh":3,"minecraft:coal":2,"minecraft:cobblestone":201},"minecraft:killed":{"ad_astra:martian_raptor":1,"iceandfire:fire_dragon":1},"minecraft:custom":{"minecraft:time_since_rest":4268,"minecraft:sprint_one_cm":34572,"minecraft:damage_taken":3808,"minecraft:walk_one_cm":122212,"minecraft:damage_absorbed":1499,"minecraft:interact_with_anvil":2,"minecraft:mob_kills":2,"minecraft:damage_dealt":20453,"minecraft:swim_one_cm":529,"minecraft:fly_one_cm":864467,"minecraft:player_kills":1,"minecraft:open_chest":4,"minecraft:crouch_one_cm":315,"minecraft:play_time":50488,"tombstone:undead_killed":1,"minecraft:deaths":6,"minecraft:sneak_time":738,"minecraft:walk_under_water_one_cm":2090,"minecraft:jump":701,"minecraft:time_since_death":6550,"minecraft:walk_on_water_one_cm":2677,"minecraft:total_world_time":50488,"minecraft:damage_resisted":1296,"minecraft:fall_one_cm":29677},"minecraft:used":{"mca:golden_slanted_headstone":3,"minecraft:flint_and_steel":1,"alexscaves:spawn_egg_tremorzilla":1,"alexscaves:nuclear_siren":12,"iceandfire:dragonsteel_ice_sword":86,"securitycraft:mine":1,"alexscaves:darkened_apple":1,"minecraft:diamond_sword":9,"minecraft:anvil":1,"minecraft:cobblestone":27,"minecraft:andesite":4,"alexscaves:nuclear_bomb":1,"iceandfire:spawn_egg_fire_dragon":1,"minecraft:enchanted_golden_apple":24,"minecraft:milk_bucket":1},"minecraft:killed_by":{"alexscaves:tremorzilla":2,"minecraft:player":1}},"DataVersion":3465}