{"stats":{"minecraft:mined":{"minecraft:smithing_table":1,"minecraft:diamond_ore":4,"minecraft:deepslate_redstone_ore":28,"minecraft:tuff":443,"minecraft:white_bed":1,"iceandfire:silver_ore":19,"minecraft:deepslate_diamond_ore":119,"minecraft:cobbled_deepslate_stairs":6,"minecraft:crafting_table":12,"minecraft:torch":10,"minecraft:budding_amethyst":1,"minecraft:granite":237,"minecraft:grass_block":4,"minecraft:calcite":16,"minecraft:copper_ore":59,"minecraft:tall_grass":1,"minecraft:cobblestone":4,"minecraft:deepslate_gold_ore":79,"minecraft:lapis_ore":8,"minecraft:diorite":333,"minecraft:sandstone":14,"minecraft:wall_torch":9,"minecraft:hay_block":6,"biomesoplenty:magic_leaves":2,"minecraft:furnace":7,"neapolitan:small_banana_frond":4,"minecraft:iron_ore":175,"minecraft:cobbled_deepslate":13,"minecraft:andesite":389,"neapolitan:banana_stalk":8,"minecraft:deepslate_lapis_ore":8,"minecraft:wither_rose":24,"biomesoplenty:magic_log":79,"biomesoplenty:clover":2,"minecraft:grass":5,"minecraft:coal_ore":120,"biomesoplenty:high_grass":1,"minecraft:deepslate_iron_ore":77,"neapolitan:banana_frond":6,"minecraft:gravel":17,"minecraft:sand":94,"minecraft:dirt":27,"neapolitan:large_banana_frond":3,"minecraft:smooth_basalt":42,"minecraft:stone":3340,"minecraft:gold_ore":26,"minecraft:white_wool":8,"minecraft:oak_leaves":1,"minecraft:deepslate":7704},"minecraft:custom":{"minecraft:interact_with_furnace":45,"lootr:looted_stat":14,"minecraft:mob_kills":3,"minecraft:interact_with_crafting_table":29,"minecraft:open_shulker_box":3,"minecraft:leave_game":7,"minecraft:time_since_death":355624,"minecraft:sleep_in_bed":7,"minecraft:climb_one_cm":2346,"minecraft:time_since_rest":85244,"minecraft:sprint_one_cm":124245,"minecraft:damage_taken":120,"minecraft:walk_one_cm":570562,"minecraft:drop":19,"minecraft:damage_dealt":399,"minecraft:play_time":355624,"minecraft:crouch_one_cm":10309,"minecraft:sneak_time":4333,"tombstone:undead_killed":1,"minecraft:swim_one_cm":14614,"minecraft:open_chest":10,"minecraft:fly_one_cm":202549,"minecraft:walk_under_water_one_cm":7495,"minecraft:jump":1037,"minecraft:walk_on_water_one_cm":7917,"minecraft:total_world_time":355624,"minecraft:fall_one_cm":8438},"minecraft:crafted":{"minecraft:wooden_sword":1,"minecraft:crafting_table":3,"minecraft:spruce_planks":56,"minecraft:iron_helmet":1,"simplytools:iron_hammer_head":2,"usefulbackpacks:backpack_small":1,"minecraft:furnace":2,"minecraft:stone_axe":1,"minecraft:air":0,"simplytools:diamond_hammer":5,"minecraft:flint_and_steel":1,"minecraft:glass":22,"simplytools:iron_hammer":2,"minecraft:iron_chestplate":1,"securitycraft:door_indestructible_iron_item":1,"minecraft:diamond_leggings":1,"minecraft:diamond_helmet":1,"minecraft:iron_boots":1,"minecraft:charcoal":47,"minecraft:shield":1,"minecraft:stick":76,"minecraft:iron_ingot":37,"minecraft:iron_pickaxe":1,"minecraft:stone_pickaxe":3,"minecraft:wooden_axe":1,"minecraft:cobbled_deepslate_stairs":512,"minecraft:chest":2,"biomesoplenty:magic_planks":28,"minecraft:diamond_boots":1,"minecraft:gold_ingot":25,"minecraft:iron_leggings":1,"usefulbackpacks:backpack_medium":1,"minecraft:iron_door":3,"minecraft:torch":212,"simplytools:diamond_hammer_head":5,"biomesoplenty:magic_door":3,"minecraft:diamond_chestplate":1},"minecraft:broken":{"minecraft:stone_pickaxe":2,"simplytools:iron_hammer":2,"minecraft:iron_pickaxe":1,"simplytools:diamond_hammer":5},"minecraft:picked_up":{"minecraft:crafting_table":12,"minecraft:andesite":73,"minecraft:smithing_table":1,"minecraft:wither_rose":24,"usefulbackpacks:backpack_medium":1,"minecraft:tuff":128,"minecraft:cobbled_deepslate_stairs":6,"minecraft:lapis_lazuli":90,"minecraft:dirt":31,"minecraft:raw_copper":202,"neapolitan:banana_frond":40,"minecraft:iron_shovel":1,"minecraft:cobbled_deepslate":2480,"minecraft:raw_gold":97,"minecraft:iron_ingot":21,"biomesoplenty:magic_log":79,"minecraft:iron_pickaxe":1,"minecraft:furnace":7,"minecraft:stick":14,"minecraft:raw_iron":252,"minecraft:sandstone":14,"minecraft:copper_ingot":13,"minecraft:torch":20,"minecraft:sand":93,"minecraft:light_blue_shulker_box":1,"minecraft:ink_sac":2,"minecraft:diorite":72,"minecraft:white_bed":1,"minecraft:redstone":83,"neapolitan:banana_stalk":8,"minecraft:rotten_flesh":1,"minecraft:diamond":121,"minecraft:hay_block":6,"minecraft:granite":91,"minecraft:bread":4,"minecraft:coal":138,"minecraft:white_wool":8,"iceandfire:raw_silver":19,"minecraft:cobblestone":1129},"minecraft:killed":{"minecraft:squid":2,"minecraft:zombie":1},"minecraft:dropped":{"usefulbackpacks:backpack_medium":1,"minecraft:cobbled_deepslate":193,"minecraft:diamond":1,"minecraft:tuff":66,"minecraft:cobblestone":114,"minecraft:dirt":17,"minecraft:diorite":8,"minecraft:wooden_sword":1,"minecraft:sand":7,"minecraft:stone_pickaxe":1},"minecraft:used":{"minecraft:light_blue_shulker_box":2,"minecraft:iron_shovel":94,"biomesoplenty:magic_log":5,"minecraft:stone_pickaxe":371,"minecraft:chest":2,"minecraft:spruce_planks":1,"minecraft:torch":210,"minecraft:dirt":14,"minecraft:crafting_table":15,"minecraft:white_bed":1,"minecraft:granite":2,"minecraft:cobbled_deepslate_stairs":364,"minecraft:bread":9,"biomesoplenty:magic_door":2,"simplytools:diamond_hammer":11709,"minecraft:iron_pickaxe":476,"minecraft:wooden_sword":6,"simplytools:iron_hammer":750,"minecraft:stone_axe":94,"minecraft:cobblestone":78,"minecraft:furnace":9,"minecraft:smithing_table":1,"minecraft:cobbled_deepslate":417}},"DataVersion":3465}