{"stats":{"minecraft:crafted":{"alexscaves:cave_map":1},"minecraft:custom":{"minecraft:jump":13,"minecraft:time_since_rest":42771,"minecraft:damage_dealt":19,"minecraft:leave_game":26,"minecraft:play_time":42771,"lootr:looted_stat":2,"minecraft:sprint_one_cm":1147,"minecraft:time_since_death":42771,"minecraft:walk_on_water_one_cm":150,"minecraft:walk_one_cm":3902,"minecraft:sneak_time":170,"minecraft:total_world_time":42771,"minecraft:walk_under_water_one_cm":6694,"minecraft:interact_with_crafting_table":1,"minecraft:fly_one_cm":209328},"minecraft:picked_up":{"minecraft:wheat_seeds":1},"minecraft:used":{"alexscaves:nuclear_bomb":1,"minecraft:flint_and_steel":1,"minecraft:crafting_table":1}},"DataVersion":3465}