{"stats":{"minecraft:picked_up":{"minecraft:milk_bucket":1,"minecraft:wheat_seeds":6,"minecraft:dirt":42,"minecraft:cobblestone":1},"minecraft:mined":{"minecraft:grass":1,"minecraft:tall_grass":1},"minecraft:custom":{"minecraft:jump":132,"minecraft:time_since_rest":74,"minecraft:crouch_one_cm":238,"minecraft:damage_dealt":1201,"minecraft:sprint_one_cm":9401,"minecraft:deaths":3,"minecraft:play_time":14488,"minecraft:damage_taken":1470,"minecraft:time_since_death":0,"minecraft:walk_one_cm":15990,"minecraft:sneak_time":590,"minecraft:total_world_time":14488,"minecraft:fall_one_cm":2963,"minecraft:fly_one_cm":129367},"minecraft:used":{"iceandfire:dragonsteel_ice_sword":8,"alexscaves:spawn_egg_tremorzilla":1,"minecraft:milk_bucket":1},"minecraft:killed_by":{"alexscaves:tremorzilla":1}},"DataVersion":3465}