{"stat.chestOpened":4,"stat.pickup.iceandfire.fire_dragon_heart":2,"stat.pickup.minecraft.double_plant":1,"stat.walkOneCm":25308,"stat.useItem.iceandfire.dragonbone_sword_ice":32,"stat.pickup.minecraft.bone":1,"stat.useItem.iceandfire.fire_dragon_flesh":3,"stat.pickup.iceandfire.fire_dragon_flesh":7,"stat.pickup.iceandfire.dragonscales_bronze":17,"stat.leaveGame":4,"stat.damageTaken":521,"stat.pickup.iceandfire.chared_cobblestone":2,"stat.killEntity.WitherSkeleton":1,"stat.pickup.rustic.olives":1,"stat.pickup.securitycraft.sentry":10,"stat.pickup.iceandfire.dragon_skull":5,"stat.mobKills":3,"stat.pickup.quark.black_ash":2,"stat.useItem.securitycraft.sentry":11,"stat.pickup.minecraft.gold_nugget":3,"stat.pickup.iceandfire.dragonbone":11,"stat.flyOneCm":124600,"tombstone:undead_killed":1,"stat.pickup.minecraft.wheat_seeds":1,"stat.jump":248,"stat.swimOneCm":8690,"stat.pickup.iceandfire.ash":8,"stat.playOneMinute":21932,"stat.fallOneCm":5442,"stat.pickup.minecraft.red_flower":1,"stat.sneakTime":1067,"stat.pickup.minecraft.cooked_porkchop":8,"stat.pickup.quark.tallow":13,"stat.pickup.iceandfire.chared_gravel":15,"stat.damageDealt":3756,"stat.pickup.iceandfire.chared_grass":14,"stat.pickup.minecraft.porkchop":1,"stat.crouchOneCm":2512,"stat.useItem.iceandfire.chared_gravel":4,"stat.timeSinceDeath":21932,"stat.pickup.iceandfire.chared_dirt":21,"stat.pickup.minecraft.dirt":19,"stat.sprintOneCm":11905,"stat.useItem.minecraft.stone_slab2":3,"stat.mineBlock.iceandfire.chared_dirt":2,"stat.diveOneCm":29786}