{"stats":{"minecraft:mined":{"minecraft:grass":4,"minecraft:tall_grass":1},"minecraft:picked_up":{"alexscaves:darkened_apple":1,"iceandfire:dragonbone":8,"iceandfire:dragonscales_green":3,"minecraft:milk_bucket":1,"minecraft:andesite":5,"alexscaves:uranium":22,"minecraft:gravel":2,"iceandfire:dragon_skull_fire":1,"minecraft:dirt":486,"minecraft:wheat_seeds":25,"iceandfire:fire_dragon_heart":1,"minecraft:granite":16,"minecraft:enchanted_golden_apple":34,"biomesoplenty:wildflower":1,"alexscaves:uranium_shard":12,"iceandfire:fire_dragon_flesh":3,"minecraft:coal":2,"minecraft:cobblestone":201},"minecraft:killed":{"ad_astra:martian_raptor":1,"iceandfire:fire_dragon":1},"minecraft:custom":{"minecraft:time_since_rest":6583,"minecraft:sprint_one_cm":34427,"minecraft:damage_taken":2570,"minecraft:walk_one_cm":77187,"minecraft:damage_absorbed":1499,"minecraft:interact_with_anvil":2,"minecraft:mob_kills":2,"minecraft:damage_dealt":20453,"minecraft:swim_one_cm":529,"minecraft:fly_one_cm":363585,"minecraft:player_kills":1,"minecraft:crouch_one_cm":238,"minecraft:play_time":38488,"tombstone:undead_killed":1,"minecraft:deaths":5,"minecraft:sneak_time":625,"minecraft:walk_under_water_one_cm":2090,"minecraft:jump":667,"minecraft:time_since_death":7168,"minecraft:walk_on_water_one_cm":2677,"minecraft:total_world_time":38488,"minecraft:damage_resisted":1296,"minecraft:fall_one_cm":25621},"minecraft:used":{"alexscaves:spawn_egg_tremorzilla":1,"iceandfire:dragonsteel_ice_sword":86,"securitycraft:mine":1,"alexscaves:darkened_apple":1,"minecraft:diamond_sword":9,"minecraft:anvil":1,"minecraft:cobblestone":27,"minecraft:andesite":4,"iceandfire:spawn_egg_fire_dragon":1,"minecraft:enchanted_golden_apple":24,"minecraft:milk_bucket":1},"minecraft:killed_by":{"alexscaves:tremorzilla":2,"minecraft:player":1}},"DataVersion":3465}