{"stats":{"minecraft:mined":{"minecraft:smithing_table":1,"minecraft:diamond_ore":4,"minecraft:deepslate_redstone_ore":23,"minecraft:tuff":441,"minecraft:white_bed":1,"iceandfire:silver_ore":5,"minecraft:deepslate_diamond_ore":78,"minecraft:cobbled_deepslate_stairs":6,"minecraft:crafting_table":10,"minecraft:torch":10,"minecraft:granite":99,"minecraft:grass_block":4,"minecraft:copper_ore":18,"minecraft:tall_grass":1,"minecraft:cobblestone":4,"minecraft:deepslate_gold_ore":52,"minecraft:diorite":64,"minecraft:sandstone":14,"minecraft:wall_torch":6,"minecraft:hay_block":6,"biomesoplenty:magic_leaves":2,"minecraft:furnace":7,"neapolitan:small_banana_frond":4,"minecraft:iron_ore":23,"minecraft:cobbled_deepslate":11,"neapolitan:banana_stalk":8,"minecraft:deepslate_lapis_ore":5,"minecraft:wither_rose":24,"biomesoplenty:magic_log":79,"biomesoplenty:clover":2,"minecraft:grass":5,"minecraft:coal_ore":45,"biomesoplenty:high_grass":1,"minecraft:deepslate_iron_ore":38,"neapolitan:banana_frond":6,"minecraft:sand":94,"minecraft:gravel":10,"minecraft:dirt":27,"neapolitan:large_banana_frond":3,"minecraft:smooth_basalt":6,"minecraft:stone":894,"minecraft:gold_ore":10,"minecraft:white_wool":8,"minecraft:oak_leaves":1,"minecraft:deepslate":5726},"minecraft:custom":{"minecraft:interact_with_furnace":42,"lootr:looted_stat":14,"minecraft:mob_kills":3,"minecraft:interact_with_crafting_table":26,"minecraft:open_shulker_box":3,"minecraft:leave_game":5,"minecraft:time_since_death":271318,"minecraft:sleep_in_bed":7,"minecraft:climb_one_cm":2346,"minecraft:time_since_rest":938,"minecraft:sprint_one_cm":95474,"minecraft:damage_taken":100,"minecraft:walk_one_cm":414535,"minecraft:drop":10,"minecraft:damage_dealt":399,"minecraft:play_time":271318,"minecraft:crouch_one_cm":10309,"minecraft:sneak_time":3790,"tombstone:undead_killed":1,"minecraft:swim_one_cm":10741,"minecraft:open_chest":10,"minecraft:fly_one_cm":176062,"minecraft:walk_under_water_one_cm":4976,"minecraft:jump":854,"minecraft:walk_on_water_one_cm":7673,"minecraft:total_world_time":271318,"minecraft:fall_one_cm":8438},"minecraft:crafted":{"minecraft:wooden_sword":1,"minecraft:crafting_table":3,"minecraft:spruce_planks":56,"minecraft:iron_helmet":1,"simplytools:iron_hammer_head":2,"usefulbackpacks:backpack_small":1,"minecraft:furnace":2,"minecraft:stone_axe":1,"minecraft:air":0,"simplytools:diamond_hammer":3,"minecraft:flint_and_steel":1,"minecraft:glass":22,"simplytools:iron_hammer":2,"securitycraft:door_indestructible_iron_item":1,"minecraft:iron_chestplate":1,"minecraft:diamond_helmet":1,"minecraft:diamond_leggings":1,"minecraft:iron_boots":1,"minecraft:charcoal":44,"minecraft:shield":1,"minecraft:stick":36,"minecraft:iron_ingot":37,"minecraft:iron_pickaxe":1,"minecraft:stone_pickaxe":3,"minecraft:wooden_axe":1,"minecraft:cobbled_deepslate_stairs":512,"minecraft:chest":2,"biomesoplenty:magic_planks":24,"minecraft:diamond_boots":1,"minecraft:gold_ingot":25,"minecraft:iron_leggings":1,"usefulbackpacks:backpack_medium":1,"minecraft:iron_door":3,"minecraft:torch":92,"simplytools:diamond_hammer_head":3,"biomesoplenty:magic_door":3,"minecraft:diamond_chestplate":1},"minecraft:broken":{"minecraft:stone_pickaxe":2,"simplytools:iron_hammer":2,"minecraft:iron_pickaxe":1,"simplytools:diamond_hammer":2},"minecraft:picked_up":{"minecraft:crafting_table":10,"minecraft:smithing_table":1,"minecraft:wither_rose":24,"usefulbackpacks:backpack_medium":1,"minecraft:tuff":126,"minecraft:cobbled_deepslate_stairs":6,"minecraft:lapis_lazuli":28,"minecraft:dirt":31,"minecraft:raw_copper":68,"neapolitan:banana_frond":40,"minecraft:iron_shovel":1,"minecraft:cobbled_deepslate":1406,"minecraft:raw_gold":54,"minecraft:iron_ingot":21,"biomesoplenty:magic_log":79,"minecraft:iron_pickaxe":1,"minecraft:furnace":7,"minecraft:stick":14,"minecraft:raw_iron":61,"minecraft:sandstone":14,"minecraft:copper_ingot":13,"minecraft:torch":15,"minecraft:sand":93,"minecraft:light_blue_shulker_box":1,"minecraft:ink_sac":2,"minecraft:diorite":64,"minecraft:white_bed":1,"minecraft:redstone":60,"neapolitan:banana_stalk":8,"minecraft:rotten_flesh":1,"minecraft:diamond":80,"minecraft:hay_block":6,"minecraft:granite":91,"minecraft:bread":4,"minecraft:coal":67,"minecraft:white_wool":8,"iceandfire:raw_silver":5,"minecraft:cobblestone":871},"minecraft:killed":{"minecraft:squid":2,"minecraft:zombie":1},"minecraft:dropped":{"usefulbackpacks:backpack_medium":1,"minecraft:cobbled_deepslate":65,"minecraft:diamond":1,"minecraft:tuff":64,"minecraft:dirt":17,"minecraft:wooden_sword":1,"minecraft:sand":7,"minecraft:stone_pickaxe":1},"minecraft:used":{"minecraft:light_blue_shulker_box":2,"minecraft:iron_shovel":94,"biomesoplenty:magic_log":5,"minecraft:stone_pickaxe":371,"minecraft:chest":2,"minecraft:spruce_planks":1,"minecraft:torch":107,"minecraft:dirt":14,"minecraft:crafting_table":12,"minecraft:white_bed":1,"minecraft:granite":2,"minecraft:cobbled_deepslate_stairs":364,"minecraft:bread":7,"biomesoplenty:magic_door":2,"simplytools:diamond_hammer":6081,"minecraft:iron_pickaxe":396,"minecraft:wooden_sword":6,"simplytools:iron_hammer":750,"minecraft:stone_axe":94,"minecraft:cobblestone":78,"minecraft:furnace":9,"minecraft:smithing_table":1,"minecraft:cobbled_deepslate":305}},"DataVersion":3465}