{"stats":{"minecraft:mined":{"minecraft:grass":2,"minecraft:tall_grass":1},"minecraft:picked_up":{"alexscaves:darkened_apple":1,"minecraft:milk_bucket":1,"minecraft:andesite":4,"minecraft:wheat_seeds":18,"minecraft:enchanted_golden_apple":34,"minecraft:coal":1,"minecraft:dirt":251,"minecraft:cobblestone":98},"minecraft:custom":{"minecraft:time_since_rest":7194,"minecraft:damage_absorbed":688,"minecraft:crouch_one_cm":238,"minecraft:play_time":26488,"minecraft:sprint_one_cm":21964,"minecraft:walk_one_cm":48652,"minecraft:damage_taken":2267,"minecraft:deaths":4,"minecraft:sneak_time":590,"minecraft:interact_with_anvil":2,"minecraft:jump":410,"minecraft:damage_dealt":9516,"minecraft:time_since_death":7464,"minecraft:damage_resisted":570,"minecraft:total_world_time":26488,"minecraft:fly_one_cm":211599,"minecraft:fall_one_cm":19929},"minecraft:used":{"alexscaves:darkened_apple":1,"minecraft:diamond_sword":7,"minecraft:cobblestone":2,"minecraft:anvil":1,"alexscaves:spawn_egg_tremorzilla":1,"minecraft:andesite":2,"minecraft:enchanted_golden_apple":11,"iceandfire:dragonsteel_ice_sword":43,"minecraft:milk_bucket":1},"minecraft:killed_by":{"alexscaves:tremorzilla":2}},"DataVersion":3465}