{"stats":{"minecraft:crafted":{"alexscaves:cave_map":1},"minecraft:custom":{"minecraft:time_since_rest":84207,"minecraft:sprint_one_cm":1147,"lootr:looted_stat":5,"minecraft:play_time":84207,"minecraft:walk_one_cm":4217,"minecraft:sneak_time":1466,"minecraft:walk_under_water_one_cm":23041,"minecraft:jump":17,"minecraft:damage_dealt":25,"minecraft:leave_game":27,"minecraft:walk_on_water_one_cm":1590,"minecraft:time_since_death":84207,"minecraft:total_world_time":84207,"minecraft:climb_one_cm":370,"minecraft:interact_with_crafting_table":1,"minecraft:fly_one_cm":684344},"minecraft:picked_up":{"minecraft:wheat_seeds":1,"minecraft:gold_nugget":16},"minecraft:used":{"minecraft:dirt":2,"minecraft:crafting_table":1,"minecraft:flint_and_steel":1,"alexscaves:spawn_egg_tremorzilla":1,"alexscaves:nuclear_bomb":1,"minecraft:splash_potion":1}},"DataVersion":3465}