{"stats":{"minecraft:custom":{"minecraft:jump":12,"minecraft:time_since_rest":26723,"minecraft:damage_dealt":19,"minecraft:leave_game":22,"minecraft:play_time":26723,"minecraft:sprint_one_cm":1147,"minecraft:time_since_death":26723,"minecraft:walk_on_water_one_cm":150,"minecraft:walk_one_cm":2117,"minecraft:sneak_time":130,"minecraft:total_world_time":26723,"minecraft:walk_under_water_one_cm":6694,"minecraft:interact_with_crafting_table":1,"minecraft:fly_one_cm":90393},"minecraft:picked_up":{"minecraft:wheat_seeds":1},"minecraft:crafted":{"alexscaves:cave_map":1},"minecraft:used":{"minecraft:crafting_table":1}},"DataVersion":3465}