{"stats":{"minecraft:mined":{"minecraft:fire":7,"minecraft:grass":4,"minecraft:dirt":1,"minecraft:tall_grass":2},"minecraft:picked_up":{"alexscaves:darkened_apple":1,"alexscaves:nuclear_siren":2,"securitycraft:mine":1,"iceandfire:dragonbone":31,"iceandfire:dragonscales_green":3,"minecraft:milk_bucket":1,"ad_astra:venus_sandstone":4,"minecraft:andesite":10,"minecraft:leather":2,"ad_astra:venus_cobblestone":1,"iceandfire:dragonsteel_ice_leggings":1,"alexscaves:uranium":44,"minecraft:gravel":6,"iceandfire:dragon_skull_fire":1,"iceandfire:dragonsteel_ice_chestplate":1,"paraglider:heart_container":1,"minecraft:diorite":5,"ad_astra:mars_sand":10,"minecraft:dirt":746,"iceandfire:dragonsteel_ice_sword":1,"minecraft:raw_copper":4,"ad_astra:venus_sand":3,"minecraft:wheat_seeds":26,"minecraft:beef":4,"iceandfire:fire_dragon_heart":1,"minecraft:granite":20,"iceandfire:spawn_egg_fire_dragon":1,"minecraft:enchanted_golden_apple":34,"biomesoplenty:wildflower":3,"alexscaves:uranium_shard":12,"iceandfire:fire_dragon_flesh":3,"minecraft:coal":5,"minecraft:cobblestone":303,"iceandfire:dragon_skull_lightning":1},"minecraft:dropped":{"minecraft:gravel":4,"minecraft:dirt":48,"minecraft:diorite":5,"minecraft:raw_copper":4,"tombstone:grave_key":2,"minecraft:andesite":5,"biomesoplenty:wildflower":1,"minecraft:cobblestone":102,"minecraft:granite":4,"minecraft:coal":3},"minecraft:killed":{"ad_astra:martian_raptor":1,"iceandfire:fire_dragon":1},"minecraft:custom":{"minecraft:time_since_rest":725,"minecraft:sprint_one_cm":53821,"minecraft:damage_taken":6929,"minecraft:walk_one_cm":151240,"minecraft:damage_absorbed":1499,"minecraft:interact_with_anvil":2,"minecraft:mob_kills":2,"minecraft:drop":12,"minecraft:damage_dealt":26653,"minecraft:swim_one_cm":31166,"minecraft:fly_one_cm":922765,"minecraft:player_kills":1,"minecraft:open_chest":4,"minecraft:crouch_one_cm":349,"minecraft:play_time":62488,"tombstone:undead_killed":1,"minecraft:deaths":10,"minecraft:sneak_time":962,"minecraft:walk_under_water_one_cm":4954,"minecraft:jump":958,"minecraft:time_since_death":1792,"minecraft:walk_on_water_one_cm":4357,"minecraft:total_world_time":62488,"minecraft:damage_resisted":1296,"minecraft:fall_one_cm":36608},"minecraft:used":{"mca:golden_slanted_headstone":3,"minecraft:flint_and_steel":1,"alexscaves:spawn_egg_tremorzilla":1,"alexscaves:nuclear_siren":12,"iceandfire:dragonsteel_ice_sword":86,"securitycraft:mine":1,"alexscaves:darkened_apple":1,"minecraft:diamond_sword":9,"minecraft:anvil":1,"minecraft:cobblestone":27,"minecraft:andesite":4,"alexscaves:nuclear_bomb":1,"iceandfire:spawn_egg_fire_dragon":1,"minecraft:enchanted_golden_apple":24,"minecraft:milk_bucket":1},"minecraft:killed_by":{"alexscaves:tremorzilla":2,"minecraft:player":1}},"DataVersion":3465}