{"stats":{"minecraft:picked_up":{"minecraft:rotten_flesh":1},"minecraft:dropped":{"minecraft:rotten_flesh":1},"minecraft:custom":{"minecraft:jump":68,"minecraft:time_since_rest":7275,"minecraft:crouch_one_cm":95,"minecraft:leave_game":1,"minecraft:sprint_one_cm":5072,"minecraft:play_time":7275,"minecraft:walk_on_water_one_cm":560,"minecraft:time_since_death":7275,"minecraft:walk_one_cm":12866,"minecraft:sneak_time":62,"minecraft:total_world_time":7275,"minecraft:drop":1,"minecraft:fall_one_cm":2715,"minecraft:fly_one_cm":6474}},"DataVersion":3465}