{"stats":{"minecraft:mined":{"minecraft:white_bed":3,"minecraft:oak_sapling":1,"minecraft:cobblestone_stairs":2,"minecraft:cherry_log":17,"minecraft:brewing_stand":2,"minecraft:grass_block":6,"minecraft:light_gray_bed":5,"minecraft:polished_diorite":2,"minecraft:spawner":3,"biomesoplenty:tall_lavender":2,"minecraft:iron_ore":20,"minecraft:cobbled_deepslate":8,"minecraft:fire":4,"biomesoplenty:lavender":2,"minecraft:deepslate_lapis_ore":18,"minecraft:fletching_table":1,"minecraft:polished_deepslate_slab":1,"minecraft:water_cauldron":1,"iceandfire:gold_pile":16,"minecraft:deepslate_redstone_ore":77,"minecraft:clay":6,"minecraft:torch":13,"minecraft:blast_furnace":1,"minecraft:chest":14,"minecraft:polished_diorite_slab":1,"minecraft:cobblestone":5,"minecraft:oak_planks":3,"minecraft:wall_torch":13,"minecraft:chain":2,"minecraft:grass":27,"biomesoplenty:clover":2,"minecraft:oak_log":155,"minecraft:sand":48,"minecraft:dirt":75,"minecraft:oak_leaves":22,"minecraft:deepslate":14347,"biomesoplenty:reed":3,"minecraft:tuff":1158,"biomesoplenty:watergrass":8,"iceandfire:silver_ore":1,"minecraft:deepslate_diamond_ore":118,"biomesoplenty:bush":1,"minecraft:spruce_leaves":1,"minecraft:sandstone":39,"minecraft:hay_block":23,"minecraft:chiseled_sandstone":2,"minecraft:andesite":136,"minecraft:gold_block":2,"minecraft:polished_deepslate":2,"minecraft:bookshelf":210,"minecraft:potatoes":116,"biomesoplenty:high_grass":5,"minecraft:deepslate_iron_ore":34,"minecraft:lantern":1,"minecraft:stone":362,"minecraft:light_gray_carpet":8,"minecraft:crafting_table":11,"minecraft:emerald_ore":1,"biomesoplenty:snowblossom_leaves":2,"biomesoplenty:high_grass_plant":1,"minecraft:tall_grass":16,"minecraft:copper_ore":17,"minecraft:deepslate_gold_ore":34,"minecraft:diorite":24,"minecraft:spruce_log":192,"iceandfire:silver_pile":3,"minecraft:sunflower":4,"minecraft:gravel":25,"minecraft:gray_carpet":1,"minecraft:cobweb":9,"minecraft:chipped_anvil":6,"minecraft:iron_trapdoor":1,"minecraft:fern":1},"minecraft:custom":{"lootr:looted_stat":81,"minecraft:interact_with_crafting_table":73,"minecraft:open_barrel":5,"minecraft:open_shulker_box":4,"minecraft:bell_ring":2,"minecraft:leave_game":9,"minecraft:time_since_death":558785,"minecraft:sprint_one_cm":1744069,"minecraft:damage_blocked_by_shield":135,"minecraft:drop":133,"minecraft:play_time":720614,"minecraft:deaths":2,"minecraft:jump":8068,"minecraft:walk_on_water_one_cm":90758,"minecraft:interact_with_furnace":71,"minecraft:interact_with_cartography_table":1,"minecraft:sleep_in_bed":14,"minecraft:damage_dealt":26677,"minecraft:crouch_one_cm":2689,"tombstone:undead_killed":78,"minecraft:interact_with_smoker":25,"minecraft:use_cauldron":1,"minecraft:horse_one_cm":1983381,"minecraft:interact_with_smithing_table":5,"minecraft:mob_kills":146,"minecraft:interact_with_anvil":3,"minecraft:fill_cauldron":2,"minecraft:climb_one_cm":3652,"minecraft:walk_one_cm":1575040,"minecraft:sneak_time":3125,"minecraft:walk_under_water_one_cm":42207,"minecraft:boat_one_cm":578942,"minecraft:interact_with_blast_furnace":36,"minecraft:total_world_time":720614,"tombstone:raider_killed":2,"minecraft:interact_with_stonecutter":2,"tombstone:pray_on_grave":1,"minecraft:time_since_rest":121111,"minecraft:damage_taken":5540,"minecraft:trigger_trapped_chest":2,"minecraft:swim_one_cm":95163,"minecraft:fly_one_cm":2055636,"minecraft:open_chest":576,"minecraft:fall_one_cm":181306},"minecraft:crafted":{"minecraft:oak_planks":76,"minecraft:smooth_stone":3,"simplytools:iron_hammer_head":5,"usefulbackpacks:backpack_small":1,"minecraft:stone":18,"minecraft:cobblestone_stairs":140,"minecraft:diamond_helmet":1,"minecraft:diamond_leggings":1,"minecraft:bow":2,"minecraft:iron_boots":1,"simplytools:stone_hammer":47,"minecraft:chest":23,"minecraft:stone_hoe":1,"minecraft:smoker":1,"minecraft:diamond_axe":1,"minecraft:crafting_table":3,"minecraft:spruce_planks":200,"minecraft:baked_potato":60,"minecraft:iron_helmet":1,"tombstone:decorative_grave_simple":1,"simplytools:iron_hammer":5,"minecraft:charcoal":15,"minecraft:diamond_pickaxe":1,"minecraft:shield":1,"minecraft:stick":100,"usefulbackpacks:backpack_large":1,"minecraft:iron_ingot":45,"minecraft:iron_pickaxe":5,"minecraft:stone_sword":1,"minecraft:gold_ingot":10,"minecraft:oak_door":3,"minecraft:furnace":4,"minecraft:blast_furnace":1,"minecraft:bone_meal":3,"minecraft:iron_axe":2,"minecraft:spruce_wood":3,"minecraft:diamond_boots":1,"usefulbackpacks:backpack_medium":1,"iceandfire:tide_trident":1,"minecraft:iron_sword":1,"tombstone:ankh_of_pray":1,"simplytools:stone_hammer_head":45,"minecraft:air":0,"simplytools:diamond_hammer":2,"minecraft:oak_boat":1,"tombstone:dark_marble":3,"minecraft:torch":32,"simplytools:diamond_hammer_head":2,"minecraft:diamond_chestplate":1},"minecraft:broken":{"simplytools:stone_hammer":46,"minecraft:leather_leggings":1,"minecraft:iron_boots":1,"simplytools:golden_hammer":1,"minecraft:iron_sword":1,"minecraft:iron_axe":1,"simplytools:iron_hammer":5,"minecraft:iron_pickaxe":5,"simplytools:diamond_hammer":1,"minecraft:iron_helmet":1},"minecraft:picked_up":{"minecraft:prismarine_shard":2,"minecraft:iron_trapdoor":1,"minecraft:stone_brick_stairs":1,"minecraft:brewing_stand":2,"minecraft:polished_deepslate":3,"minecraft:string":16,"minecraft:raw_copper":57,"minecraft:smooth_stone_slab":2,"minecraft:iron_leggings":2,"minecraft:cobbled_deepslate":13894,"minecraft:gold_nugget":108,"minecraft:smooth_stone":3,"minecraft:stick":45,"minecraft:torch":27,"minecraft:cherry_log":17,"tombstone:grave_dust":13,"minecraft:diorite":24,"minecraft:cauldron":1,"minecraft:rotten_flesh":52,"minecraft:stone_sword":1,"minecraft:light_gray_bed":5,"simplytools:golden_hammer":1,"minecraft:music_disc_wait":1,"minecraft:cobblestone":368,"biomesoplenty:lavender":3,"minecraft:polished_diorite_slab":1,"minecraft:feather":1,"minecraft:lilac":1,"minecraft:andesite":136,"minecraft:potato":502,"paraglider:spirit_orb":6,"minecraft:flint":5,"minecraft:tuff":1094,"minecraft:dirt":108,"minecraft:lapis_lazuli":134,"minecraft:lantern":5,"biomesoplenty:snowblossom_sapling":3,"minecraft:bone":32,"minecraft:chipped_anvil":6,"minecraft:bow":4,"minecraft:wheat_seeds":15,"minecraft:cobbled_deepslate_slab":2,"minecraft:raw_gold":34,"minecraft:bell":1,"minecraft:fletching_table":1,"minecraft:glowstone_dust":4,"minecraft:oak_planks":22,"minecraft:poisonous_potato":1,"iceandfire:shiny_scales":1,"minecraft:sand":46,"iceandfire:stymphalian_bird_feather":6,"minecraft:chiseled_sandstone":2,"minecraft:bundle":4,"minecraft:diamond":153,"minecraft:bread":7,"minecraft:emerald":1,"minecraft:light_gray_carpet":8,"iceandfire:raw_silver":1,"minecraft:oak_sapling":52,"iceandfire:tide_trident":1,"minecraft:oak_leaves":1,"iceandfire:silver_nugget":10,"minecraft:crafting_table":11,"minecraft:chicken":1,"minecraft:clay_ball":24,"minecraft:gold_block":2,"usefulbackpacks:backpack_medium":3,"minecraft:chain":2,"simplytools:stone_hammer_head":2,"minecraft:item_frame":3,"iceandfire:bestiary":2,"minecraft:beef":17,"minecraft:oak_boat":3,"minecraft:poppy":1,"minecraft:light_gray_wool":1,"minecraft:chest":14,"minecraft:sugar_cane":1,"minecraft:egg":2,"minecraft:raw_iron":54,"minecraft:sandstone":42,"minecraft:polished_deepslate_slab":2,"minecraft:copper_ingot":4,"minecraft:redstone":317,"minecraft:prismarine_crystals":4,"minecraft:iron_horse_armor":2,"minecraft:arrow":36,"minecraft:deepslate_bricks":1,"minecraft:hay_block":23,"minecraft:saddle":1,"tombstone:essence_of_undeath":1,"minecraft:mutton":2,"minecraft:white_wool":11,"iceandfire:sea_serpent_fang":6,"minecraft:cut_sandstone":1,"minecraft:leather":14,"minecraft:oak_log":154,"minecraft:gunpowder":16,"minecraft:cobblestone_stairs":2,"minecraft:apple":5,"minecraft:gray_carpet":15,"minecraft:stone_pickaxe":1,"minecraft:iron_ingot":8,"simplytools:diamond_hammer":2,"tombstone:bag_of_seeds":1,"minecraft:book":630,"iceandfire:copper_nugget":4,"minecraft:pumpkin":1,"iceandfire:sea_serpent_scales_green":6,"minecraft:dandelion":3,"minecraft:gravel":20,"minecraft:spruce_sapling":13,"minecraft:blast_furnace":1,"minecraft:white_bed":3,"minecraft:spruce_log":285,"minecraft:spider_eye":1,"usefulbackpacks:backpack_large":2,"minecraft:slime_ball":10,"minecraft:polished_diorite":2,"minecraft:chainmail_leggings":1,"tombstone:magic_scroll":1,"minecraft:baked_potato":64,"minecraft:sunflower":7},"minecraft:killed":{"minecraft:witch":2,"minecraft:spider":9,"iceandfire:stymphalian_bird":2,"minecraft:skeleton":30,"minecraft:chicken":1,"minecraft:wolf":2,"minecraft:creeper":17,"minecraft:sheep":4,"minecraft:zombie":42,"minecraft:cow":7,"iceandfire:sea_serpent":1,"minecraft:slime":12,"minecraft:horse":8,"iceandfire:siren":1,"iceandfire:ghost":6},"minecraft:dropped":{"minecraft:lapis_lazuli":13,"minecraft:oak_log":64,"minecraft:diamond":10,"iceandfire:tide_trident":1,"minecraft:iron_horse_armor":1,"minecraft:mutton":2,"simplytools:diamond_hammer":3,"minecraft:sunflower":1,"minecraft:sand":28,"minecraft:iron_pickaxe":2,"iceandfire:stymphalian_bird_feather":2,"usefulbackpacks:backpack_large":2,"minecraft:sugar_cane":1,"minecraft:iron_nugget":3,"minecraft:cobbled_deepslate":2585,"minecraft:rotten_flesh":30,"minecraft:oak_planks":1,"minecraft:light_gray_carpet":7,"minecraft:chainmail_boots":1,"minecraft:arrow":1,"minecraft:water_bucket":1,"minecraft:enchanted_book":1,"minecraft:iron_ingot":2,"minecraft:bread":4,"usefulbackpacks:backpack_medium":2,"minecraft:wheat_seeds":9,"minecraft:feather":1,"minecraft:chainmail_helmet":1,"minecraft:stick":14,"tombstone:magic_scroll":1,"tombstone:grave_dust":1,"minecraft:iron_leggings":1,"minecraft:pumpkin":1,"minecraft:smooth_stone":3,"minecraft:iron_shovel":1,"simplytools:stone_hammer":1,"minecraft:gray_carpet":15,"minecraft:spruce_sapling":11,"minecraft:polished_deepslate":3,"minecraft:polished_diorite":2,"minecraft:stone_sword":2,"minecraft:polished_diorite_slab":1,"minecraft:smooth_stone_slab":2,"minecraft:tuff":64,"minecraft:polished_deepslate_slab":2,"minecraft:cobbled_deepslate_slab":2,"minecraft:stone":8,"minecraft:diamond_pickaxe":1,"minecraft:andesite":2,"minecraft:oak_sapling":5,"minecraft:slime_ball":10,"minecraft:spruce_log":92,"minecraft:sandstone":21,"minecraft:stone_pickaxe":1},"minecraft:used":{"iceandfire:tide_trident":70,"minecraft:iron_shovel":107,"simplytools:golden_hammer":48,"minecraft:chest":37,"minecraft:shield":2,"minecraft:iron_sword":450,"minecraft:tuff":6,"easy_npc:allay_spawn_egg":1,"tombstone:decorative_grave_simple":1,"minecraft:lava_bucket":8,"simplytools:diamond_hammer":4080,"minecraft:lantern":5,"minecraft:item_frame":3,"minecraft:bow":9,"minecraft:furnace":2,"minecraft:oak_sapling":44,"minecraft:potato":197,"minecraft:diorite":3,"minecraft:oak_planks":2,"minecraft:sandstone":8,"minecraft:diamond_axe":190,"minecraft:sand":12,"minecraft:blast_furnace":2,"minecraft:crossbow":10,"minecraft:bread":89,"minecraft:lilac":1,"minecraft:andesite":15,"minecraft:oak_boat":3,"minecraft:experience_bottle":3,"minecraft:cobweb":4,"minecraft:stone_sword":11,"minecraft:stone_hoe":85,"minecraft:oak_door":1,"minecraft:torch":43,"minecraft:brewing_stand":2,"minecraft:dirt":64,"minecraft:andesite_wall":1,"tombstone:ankh_of_pray":5,"minecraft:chipped_anvil":6,"minecraft:iron_axe":425,"simplytools:iron_hammer":1875,"tombstone:gift":7,"minecraft:cobbled_deepslate":31,"minecraft:light_gray_bed":4,"minecraft:water_bucket":2,"minecraft:cobblestone_stairs":118,"minecraft:baked_potato":86,"minecraft:cut_sandstone":1,"minecraft:cauldron":1,"minecraft:crafting_table":12,"minecraft:white_bed":3,"minecraft:smoker":1,"minecraft:spruce_log":2,"tombstone:bag_of_seeds":1,"minecraft:diamond_pickaxe":108,"minecraft:apple":5,"minecraft:sunflower":1,"minecraft:iron_pickaxe":1323,"simplytools:stone_hammer":9018,"minecraft:spruce_sapling":28,"minecraft:cobblestone":12,"minecraft:bucket":9}},"DataVersion":3465}