{"stat.chestOpened":6,"stat.walkOneCm":26259,"stat.drop.minecraft.coal":1,"stat.leaveGame":6,"stat.craftItem.tombstone.grave_key":1,"stat.useItem.minecraft.diamond_sword":4,"stat.jump":136,"stat.swimOneCm":13210,"stat.pickup.minecraft.coal":1,"stat.fallOneCm":110173,"stat.pickup.minecraft.gunpowder":1,"stat.pickup.minecraft.dirt":3,"stat.useItem.minecraft.dirt":1,"stat.sprintOneCm":2050,"stat.useItem.minecraft.stone_slab2":2,"stat.craftingTableInteraction":1,"stat.pickup.mowziesmobs.foliaath_seed":4,"stat.damageTaken":533,"stat.drop.mowziesmobs.foliaath_seed":4,"stat.mobKills":1,"stat.pickup.minecraft.cobblestone":3,"stat.flyOneCm":1061425,"stat.deaths":1,"stat.drop":6,"stat.playOneMinute":87987,"stat.killEntity.Witch":1,"stat.pickup.minecraft.red_flower":1,"stat.sneakTime":3747,"stat.damageDealt":528,"stat.pickup.minecraft.redstone":1,"stat.timeSinceDeath":42380,"stat.mineBlock.minecraft.dirt":3,"stat.diveOneCm":124297,"stat.drop.minecraft.stick":1}