{"stats":{"minecraft:custom":{"minecraft:jump":74,"minecraft:time_since_rest":50819,"lootr:looted_stat":5,"minecraft:damage_taken":70,"minecraft:crouch_one_cm":19,"minecraft:leave_game":2,"minecraft:play_time":50819,"minecraft:sprint_one_cm":7289,"minecraft:time_since_death":50819,"minecraft:walk_on_water_one_cm":310,"minecraft:walk_one_cm":25431,"minecraft:sneak_time":787,"minecraft:total_world_time":50819,"minecraft:walk_under_water_one_cm":84,"minecraft:swim_one_cm":2008,"minecraft:fall_one_cm":1115,"minecraft:fly_one_cm":564365},"minecraft:used":{"minecraft:panda_spawn_egg":1,"mowziesmobs:foliaath_spawn_egg":1,"minecraft:ender_pearl":1,"alexscaves:spawn_egg_tremorzilla":6,"minecraft:splash_potion":32,"mowziesmobs:foliaath_seed":1}},"DataVersion":3465}