{"stats":{"minecraft:custom":{"minecraft:jump":129,"minecraft:time_since_rest":14915,"minecraft:damage_taken":20,"minecraft:crouch_one_cm":397,"minecraft:leave_game":2,"minecraft:play_time":14915,"minecraft:sprint_one_cm":11829,"minecraft:time_since_death":14915,"minecraft:walk_on_water_one_cm":712,"minecraft:walk_one_cm":19497,"minecraft:sneak_time":189,"minecraft:total_world_time":14915,"minecraft:walk_under_water_one_cm":459,"minecraft:swim_one_cm":2708,"minecraft:fall_one_cm":4907,"minecraft:drop":1,"minecraft:fly_one_cm":162001},"minecraft:picked_up":{"minecraft:rotten_flesh":1},"minecraft:dropped":{"minecraft:rotten_flesh":1}},"DataVersion":3465}