{"stats":{"minecraft:mined":{"minecraft:tuff":551,"minecraft:white_bed":3,"biomesoplenty:watergrass":8,"minecraft:oak_sapling":1,"iceandfire:silver_ore":1,"minecraft:deepslate_diamond_ore":43,"minecraft:cobblestone_stairs":2,"minecraft:brewing_stand":2,"biomesoplenty:bush":1,"minecraft:grass_block":6,"minecraft:polished_diorite":2,"minecraft:spruce_leaves":1,"minecraft:sandstone":39,"minecraft:hay_block":12,"biomesoplenty:tall_lavender":2,"minecraft:iron_ore":14,"minecraft:fire":4,"minecraft:chiseled_sandstone":2,"biomesoplenty:lavender":2,"minecraft:andesite":136,"minecraft:deepslate_lapis_ore":10,"minecraft:gold_block":2,"minecraft:polished_deepslate":2,"biomesoplenty:high_grass":5,"minecraft:potatoes":34,"iceandfire:gold_pile":11,"minecraft:bookshelf":210,"minecraft:water_cauldron":1,"minecraft:deepslate_iron_ore":34,"minecraft:polished_deepslate_slab":1,"minecraft:lantern":1,"minecraft:stone":361,"minecraft:deepslate_redstone_ore":36,"minecraft:clay":6,"minecraft:crafting_table":9,"minecraft:torch":6,"minecraft:blast_furnace":1,"minecraft:emerald_ore":1,"minecraft:chest":14,"minecraft:polished_diorite_slab":1,"minecraft:copper_ore":17,"biomesoplenty:high_grass_plant":1,"minecraft:tall_grass":16,"minecraft:cobblestone":5,"minecraft:deepslate_gold_ore":34,"minecraft:oak_planks":3,"minecraft:diorite":24,"minecraft:wall_torch":6,"minecraft:spruce_log":2,"minecraft:grass":25,"biomesoplenty:clover":2,"minecraft:oak_log":155,"iceandfire:silver_pile":3,"minecraft:gravel":6,"minecraft:sunflower":3,"minecraft:sand":48,"minecraft:dirt":60,"minecraft:gray_carpet":1,"minecraft:cobweb":8,"minecraft:chipped_anvil":5,"minecraft:deepslate":8506,"minecraft:oak_leaves":22,"biomesoplenty:reed":3,"minecraft:fern":1},"minecraft:custom":{"minecraft:interact_with_smithing_table":4,"lootr:looted_stat":51,"minecraft:interact_with_anvil":2,"minecraft:mob_kills":96,"minecraft:interact_with_crafting_table":60,"minecraft:open_barrel":2,"minecraft:fill_cauldron":2,"minecraft:open_shulker_box":4,"minecraft:bell_ring":2,"minecraft:leave_game":9,"minecraft:time_since_death":354785,"minecraft:climb_one_cm":2902,"minecraft:sprint_one_cm":1295655,"minecraft:walk_one_cm":1106253,"minecraft:drop":113,"minecraft:play_time":516614,"minecraft:sneak_time":2755,"minecraft:deaths":2,"minecraft:walk_under_water_one_cm":36155,"minecraft:jump":6023,"minecraft:interact_with_blast_furnace":34,"minecraft:walk_on_water_one_cm":82719,"minecraft:total_world_time":516614,"minecraft:interact_with_furnace":60,"tombstone:raider_killed":1,"minecraft:interact_with_stonecutter":2,"minecraft:sleep_in_bed":10,"minecraft:time_since_rest":170583,"minecraft:damage_taken":4505,"minecraft:trigger_trapped_chest":2,"minecraft:damage_dealt":16879,"minecraft:swim_one_cm":75197,"minecraft:fly_one_cm":1633498,"minecraft:open_chest":311,"minecraft:crouch_one_cm":2462,"tombstone:undead_killed":40,"minecraft:fall_one_cm":135239,"minecraft:interact_with_smoker":22,"minecraft:use_cauldron":1,"minecraft:horse_one_cm":1950510},"minecraft:crafted":{"minecraft:oak_door":3,"minecraft:smooth_stone":3,"minecraft:oak_planks":60,"simplytools:iron_hammer_head":5,"usefulbackpacks:backpack_small":1,"minecraft:furnace":4,"minecraft:blast_furnace":1,"minecraft:cobblestone_stairs":140,"minecraft:stone":10,"minecraft:diamond_helmet":1,"minecraft:diamond_leggings":1,"minecraft:iron_boots":1,"simplytools:stone_hammer":47,"minecraft:iron_axe":2,"minecraft:spruce_wood":3,"minecraft:diamond_boots":1,"minecraft:chest":23,"usefulbackpacks:backpack_medium":1,"minecraft:stone_hoe":1,"minecraft:smoker":1,"minecraft:crafting_table":3,"minecraft:spruce_planks":200,"minecraft:iron_helmet":1,"minecraft:baked_potato":60,"minecraft:iron_sword":1,"simplytools:stone_hammer_head":45,"minecraft:air":0,"simplytools:diamond_hammer":1,"simplytools:iron_hammer":5,"minecraft:diamond_pickaxe":1,"minecraft:charcoal":15,"minecraft:stick":92,"usefulbackpacks:backpack_large":1,"minecraft:iron_ingot":45,"minecraft:iron_pickaxe":5,"minecraft:stone_sword":1,"minecraft:gold_ingot":10,"minecraft:torch":16,"minecraft:diamond_chestplate":1,"simplytools:diamond_hammer_head":1},"minecraft:broken":{"simplytools:stone_hammer":35,"minecraft:leather_leggings":1,"minecraft:iron_boots":1,"simplytools:golden_hammer":1,"minecraft:iron_axe":1,"simplytools:iron_hammer":5,"minecraft:iron_sword":1,"minecraft:iron_pickaxe":4,"minecraft:iron_helmet":1},"minecraft:picked_up":{"minecraft:crafting_table":9,"minecraft:chicken":1,"minecraft:clay_ball":24,"minecraft:gold_block":2,"usefulbackpacks:backpack_medium":3,"minecraft:brewing_stand":2,"simplytools:stone_hammer_head":2,"minecraft:polished_deepslate":3,"minecraft:string":14,"minecraft:raw_copper":57,"minecraft:smooth_stone_slab":2,"minecraft:iron_leggings":1,"minecraft:item_frame":1,"iceandfire:bestiary":1,"minecraft:smooth_stone":3,"minecraft:gold_nugget":72,"minecraft:cobbled_deepslate":9050,"minecraft:beef":17,"minecraft:poppy":1,"minecraft:light_gray_wool":1,"minecraft:sugar_cane":1,"minecraft:chest":14,"minecraft:egg":2,"minecraft:raw_iron":48,"minecraft:stick":31,"minecraft:sandstone":42,"minecraft:polished_deepslate_slab":2,"minecraft:copper_ingot":4,"minecraft:torch":13,"tombstone:grave_dust":1,"minecraft:diorite":24,"minecraft:redstone":151,"minecraft:iron_horse_armor":2,"minecraft:cauldron":1,"minecraft:stone_sword":1,"minecraft:arrow":12,"minecraft:rotten_flesh":26,"minecraft:deepslate_bricks":1,"minecraft:hay_block":12,"simplytools:golden_hammer":1,"minecraft:saddle":1,"tombstone:essence_of_undeath":1,"minecraft:mutton":2,"minecraft:white_wool":11,"minecraft:cobblestone":365,"biomesoplenty:lavender":3,"minecraft:polished_diorite_slab":1,"minecraft:feather":1,"iceandfire:sea_serpent_fang":6,"minecraft:andesite":136,"minecraft:leather":14,"minecraft:potato":208,"minecraft:tuff":513,"minecraft:oak_log":154,"minecraft:gunpowder":6,"minecraft:cobblestone_stairs":2,"minecraft:lapis_lazuli":68,"minecraft:dirt":86,"minecraft:lantern":4,"minecraft:bone":11,"minecraft:chipped_anvil":5,"minecraft:apple":5,"minecraft:gray_carpet":15,"minecraft:bow":3,"minecraft:wheat_seeds":14,"minecraft:raw_gold":34,"minecraft:cobbled_deepslate_slab":2,"minecraft:iron_ingot":8,"minecraft:stone_pickaxe":1,"minecraft:glowstone_dust":2,"minecraft:oak_planks":22,"minecraft:book":630,"iceandfire:copper_nugget":4,"iceandfire:sea_serpent_scales_green":6,"minecraft:pumpkin":1,"minecraft:dandelion":3,"minecraft:poisonous_potato":1,"minecraft:gravel":6,"minecraft:sand":46,"iceandfire:stymphalian_bird_feather":6,"minecraft:blast_furnace":1,"minecraft:white_bed":3,"minecraft:spruce_log":95,"minecraft:spider_eye":1,"minecraft:chiseled_sandstone":2,"usefulbackpacks:backpack_large":2,"minecraft:bundle":2,"minecraft:slime_ball":10,"minecraft:diamond":56,"minecraft:polished_diorite":2,"minecraft:chainmail_leggings":1,"minecraft:emerald":1,"minecraft:bread":7,"iceandfire:tide_trident":1,"minecraft:baked_potato":64,"tombstone:magic_scroll":1,"minecraft:oak_sapling":52,"iceandfire:silver_nugget":10,"minecraft:oak_leaves":1,"iceandfire:raw_silver":1,"minecraft:sunflower":6},"minecraft:killed":{"minecraft:witch":1,"minecraft:spider":9,"minecraft:slime":12,"iceandfire:stymphalian_bird":2,"minecraft:horse":8,"minecraft:skeleton":12,"minecraft:chicken":1,"minecraft:wolf":2,"minecraft:creeper":9,"minecraft:sheep":4,"minecraft:zombie":22,"iceandfire:ghost":6,"iceandfire:sea_serpent":1,"minecraft:cow":7},"minecraft:dropped":{"minecraft:enchanted_book":1,"minecraft:water_bucket":1,"minecraft:iron_ingot":2,"minecraft:bread":4,"usefulbackpacks:backpack_medium":2,"minecraft:wheat_seeds":8,"minecraft:oak_log":64,"minecraft:feather":1,"iceandfire:tide_trident":1,"minecraft:iron_horse_armor":1,"minecraft:chainmail_helmet":1,"minecraft:stick":14,"tombstone:magic_scroll":1,"minecraft:mutton":2,"tombstone:grave_dust":1,"minecraft:pumpkin":1,"minecraft:sunflower":1,"minecraft:sand":28,"minecraft:iron_pickaxe":2,"minecraft:smooth_stone":3,"minecraft:iron_shovel":1,"simplytools:stone_hammer":1,"minecraft:gray_carpet":15,"minecraft:spruce_sapling":11,"minecraft:polished_deepslate":3,"minecraft:polished_diorite":2,"iceandfire:stymphalian_bird_feather":2,"usefulbackpacks:backpack_large":2,"minecraft:sugar_cane":1,"minecraft:iron_nugget":3,"minecraft:polished_diorite_slab":1,"minecraft:stone_sword":2,"minecraft:cobbled_deepslate":2429,"minecraft:smooth_stone_slab":2,"minecraft:tuff":64,"minecraft:rotten_flesh":25,"minecraft:polished_deepslate_slab":2,"minecraft:oak_planks":1,"minecraft:cobbled_deepslate_slab":2,"minecraft:stone":8,"minecraft:andesite":2,"minecraft:oak_sapling":5,"minecraft:chainmail_boots":1,"minecraft:spruce_log":92,"minecraft:slime_ball":10,"minecraft:sandstone":21,"minecraft:arrow":1,"minecraft:stone_pickaxe":1},"minecraft:used":{"minecraft:iron_shovel":88,"minecraft:stone_sword":11,"simplytools:golden_hammer":48,"minecraft:chest":37,"minecraft:iron_sword":389,"minecraft:oak_door":1,"minecraft:torch":28,"minecraft:stone_hoe":85,"minecraft:brewing_stand":2,"minecraft:dirt":23,"minecraft:tuff":6,"easy_npc:allay_spawn_egg":1,"minecraft:andesite_wall":1,"minecraft:lava_bucket":7,"minecraft:chipped_anvil":4,"minecraft:lantern":4,"minecraft:iron_axe":405,"minecraft:item_frame":1,"simplytools:iron_hammer":1875,"minecraft:bow":9,"minecraft:oak_sapling":44,"minecraft:furnace":2,"tombstone:gift":4,"minecraft:potato":114,"minecraft:cobbled_deepslate":5,"minecraft:water_bucket":2,"minecraft:diorite":3,"minecraft:cobblestone_stairs":118,"minecraft:baked_potato":41,"minecraft:oak_planks":2,"minecraft:sandstone":8,"minecraft:cauldron":1,"minecraft:sand":12,"minecraft:blast_furnace":2,"minecraft:crafting_table":10,"minecraft:crossbow":10,"minecraft:white_bed":3,"minecraft:spruce_log":2,"minecraft:smoker":1,"minecraft:diamond_pickaxe":34,"minecraft:apple":5,"minecraft:iron_pickaxe":1032,"minecraft:bread":89,"simplytools:stone_hammer":6862,"minecraft:cobblestone":12,"minecraft:andesite":15,"minecraft:bucket":8,"minecraft:cobweb":4}},"DataVersion":3465}