{"stats":{"minecraft:used":{"mowziesmobs:foliaath_seed":1,"mowziesmobs:foliaath_spawn_egg":1,"minecraft:ender_pearl":1,"minecraft:splash_potion":32,"alexscaves:spawn_egg_tremorzilla":6,"minecraft:panda_spawn_egg":1},"minecraft:custom":{"minecraft:jump":42,"minecraft:time_since_rest":47135,"minecraft:crouch_one_cm":19,"minecraft:damage_taken":70,"minecraft:leave_game":2,"minecraft:play_time":47135,"minecraft:sprint_one_cm":4067,"minecraft:time_since_death":47135,"minecraft:walk_on_water_one_cm":310,"minecraft:walk_one_cm":18571,"minecraft:sneak_time":724,"minecraft:total_world_time":47135,"minecraft:walk_under_water_one_cm":84,"minecraft:swim_one_cm":2008,"minecraft:fall_one_cm":1115,"minecraft:fly_one_cm":450833}},"DataVersion":3465}