{
  "minecraft:nether/explore_nether": {
    "criteria": {
      "minecraft:crimson_forest": "2024-06-28 02:53:00 +0000",
      "minecraft:nether_wastes": "2024-06-28 02:56:14 +0000",
      "minecraft:soul_sand_valley": "2024-06-28 02:56:20 +0000"
    },
    "done": false
  },
  "ad_astra:venus": {
    "criteria": {
      "entered_venus": "2024-06-28 03:07:52 +0000"
    },
    "done": true
  },
  "minecraft:recipes/misc/netherite_scrap_from_blasting": {
    "criteria": {
      "has_ancient_debris": "2024-06-28 03:08:43 +0000"
    },
    "done": true
  },
  "biomesoplenty:recipes/misc/orange_dye_from_burning_blossom": {
    "criteria": {
      "has_flower": "2024-06-28 03:01:13 +0000"
    },
    "done": true
  },
  "minecraft:recipes/decorations/crafting_table": {
    "criteria": {
      "unlock_right_away": "2024-06-28 02:52:21 +0000"
    },
    "done": true
  },
  "mowziesmobs:root": {
    "criteria": {
      "custom_test_name": "2024-06-28 02:52:21 +0000"
    },
    "done": true
  },
  "minecraft:nether/obtain_ancient_debris": {
    "criteria": {
      "ancient_debris": "2024-06-28 03:08:43 +0000"
    },
    "done": true
  },
  "ad_astra:recipes/misc/smelting/coal_from_smelting_glacio_coal_ore": {
    "criteria": {
      "has_coal": "2024-06-28 03:04:46 +0000"
    },
    "done": true
  },
  "iceandfire:iceandfire/root": {
    "criteria": {
      "tick": "2024-06-28 02:52:21 +0000"
    },
    "done": true
  },
  "ad_astra:interstellar": {
    "criteria": {
      "entered_glacio": "2024-06-28 03:03:08 +0000"
    },
    "done": true
  },
  "ad_astra:recipes/misc/blasting/coal_from_blasting_glacio_coal_ore": {
    "criteria": {
      "has_coal": "2024-06-28 03:04:46 +0000"
    },
    "done": true
  },
  "ad_astra:recipes/misc/blasting/iron_ingot_from_blasting_glacio_iron_ore": {
    "criteria": {
      "has_iron_ingot": "2024-06-28 03:05:36 +0000"
    },
    "done": true
  },
  "ad_astra:recipes/misc/smelting/copper_ingot_from_smelting_glacio_copper_ore": {
    "criteria": {
      "has_copper_ingot": "2024-06-28 03:04:55 +0000"
    },
    "done": true
  },
  "ad_astra:recipes/misc/smelting/iron_ingot_from_smelting_glacio_iron_ore": {
    "criteria": {
      "has_iron_ingot": "2024-06-28 03:05:36 +0000"
    },
    "done": true
  },
  "ad_astra:moon": {
    "criteria": {
      "entered_moon": "2024-06-28 03:11:33 +0000"
    },
    "done": true
  },
  "biomesoplenty:biomesoplenty/root": {
    "criteria": {
      "scrubland": "2024-06-28 02:52:22 +0000"
    },
    "done": true
  },
  "mca:recipes/misc/bouquet": {
    "criteria": {
      "has_item": "2024-06-28 03:01:13 +0000"
    },
    "done": true
  },
  "ad_astra:recipes/misc/blasting/ice_shard_from_blasting_glacio_ice_shard_ore": {
    "criteria": {
      "has_ice_shard": "2024-06-28 03:05:10 +0000"
    },
    "done": true
  },
  "tombstone:adventure/root": {
    "criteria": {
      "auto": "2024-06-28 02:52:22 +0000"
    },
    "done": true
  },
  "minecraft:story/enter_the_end": {
    "criteria": {
      "entered_end": "2024-06-28 02:53:15 +0000"
    },
    "done": true
  },
  "ad_astra:mercury": {
    "criteria": {
      "entered_mercury": "2024-06-28 03:14:26 +0000"
    },
    "done": true
  },
  "minecraft:story/enter_the_nether": {
    "criteria": {
      "entered_nether": "2024-06-28 02:52:57 +0000"
    },
    "done": true
  },
  "biomesoplenty:biomesoplenty/all_biomes": {
    "criteria": {
      "scrubland": "2024-06-28 02:52:22 +0000",
      "crystalline_chasm": "2024-06-28 02:56:36 +0000",
      "withered_abyss": "2024-06-28 02:59:11 +0000",
      "undergrowth": "2024-06-28 02:56:58 +0000"
    },
    "done": false
  },
  "minecraft:recipes/misc/netherite_scrap": {
    "criteria": {
      "has_ancient_debris": "2024-06-28 03:08:43 +0000"
    },
    "done": true
  },
  "ad_astra:recipes/misc/blasting/copper_ingot_from_blasting_glacio_copper_ore": {
    "criteria": {
      "has_copper_ingot": "2024-06-28 03:04:55 +0000"
    },
    "done": true
  },
  "ad_astra:recipes/misc/smelting/ice_shard_from_smelting_glacio_ice_shard_ore": {
    "criteria": {
      "has_ice_shard": "2024-06-28 03:05:10 +0000"
    },
    "done": true
  },
  "ad_astra:solar_panel": {
    "criteria": {
      "has_solar_panel": "2024-06-28 03:02:11 +0000"
    },
    "done": true
  },
  "minecraft:nether/root": {
    "criteria": {
      "entered_nether": "2024-06-28 02:52:57 +0000"
    },
    "done": true
  },
  "minecraft:end/find_end_city": {
    "criteria": {
      "in_city": "2024-06-28 02:54:19 +0000"
    },
    "done": true
  },
  "minecraft:end/root": {
    "criteria": {
      "entered_end": "2024-06-28 02:53:15 +0000"
    },
    "done": true
  },
  "ad_astra:mars": {
    "criteria": {
      "entered_mars": "2024-06-28 03:05:40 +0000"
    },
    "done": true
  },
  "DataVersion": 3465
}