{
  "smallships:recipes/transportation/bamboo_galley": {
    "criteria": {
      "in_water": "2024-06-28 03:31:33 +0000"
    },
    "done": true
  },
  "alexscaves:alexscaves/ride_submarine": {
    "criteria": {
      "ride_a_boat_with_a_goat": "2024-06-28 03:31:37 +0000"
    },
    "done": true
  },
  "alexscaves:alexscaves/nuclear_bomb": {
    "criteria": {
      "nuclear_bomb": "2024-06-28 04:15:30 +0000"
    },
    "done": true
  },
  "smallships:recipes/transportation/spruce_cog": {
    "criteria": {
      "in_water": "2024-06-28 03:31:33 +0000"
    },
    "done": true
  },
  "smallships:recipes/transportation/acacia_cog": {
    "criteria": {
      "in_water": "2024-06-28 03:31:33 +0000"
    },
    "done": true
  },
  "minecraft:recipes/building_blocks/red_concrete_powder": {
    "criteria": {
      "has_gravel": "2024-06-28 04:08:45 +0000"
    },
    "done": true
  },
  "iceandfire:recipes/combat/armor_green_leggings": {
    "criteria": {
      "has_item": "2024-06-28 04:14:05 +0000"
    },
    "done": true
  },
  "minecraft:nether/explore_nether": {
    "criteria": {
      "minecraft:crimson_forest": "2024-06-28 02:53:00 +0000",
      "minecraft:nether_wastes": "2024-06-28 02:56:14 +0000",
      "minecraft:soul_sand_valley": "2024-06-28 02:56:20 +0000"
    },
    "done": false
  },
  "biomesoplenty:recipes/transportation/willow_boat": {
    "criteria": {
      "in_water": "2024-06-28 03:31:33 +0000"
    },
    "done": true
  },
  "ad_astra:venus": {
    "criteria": {
      "entered_venus": "2024-06-28 03:07:52 +0000"
    },
    "done": true
  },
  "minecraft:recipes/misc/netherite_scrap_from_blasting": {
    "criteria": {
      "has_ancient_debris": "2024-06-28 03:08:43 +0000"
    },
    "done": true
  },
  "tombstone:adventure/find_grave_dust": {
    "criteria": {
      "from_undead": "2024-06-28 03:46:04 +0000"
    },
    "done": true
  },
  "tombstone:recipes/from_grave_key": {
    "criteria": {
      "has_ingredient": "2024-06-28 04:11:07 +0000"
    },
    "done": true
  },
  "minecraft:story/mine_stone": {
    "criteria": {
      "get_stone": "2024-06-28 03:55:46 +0000"
    },
    "done": true
  },
  "minecraft:recipes/decorations/furnace": {
    "criteria": {
      "has_cobblestone": "2024-06-28 03:55:46 +0000"
    },
    "done": true
  },
  "minecraft:recipes/building_blocks/andesite_stairs": {
    "criteria": {
      "has_andesite": "2024-06-28 04:08:45 +0000"
    },
    "done": true
  },
  "minecraft:recipes/building_blocks/green_concrete_powder": {
    "criteria": {
      "has_gravel": "2024-06-28 04:08:45 +0000"
    },
    "done": true
  },
  "cfm:recipes/decorations/stripped_acacia_kitchen_drawer": {
    "criteria": {
      "has_planks": "2024-06-28 03:41:31 +0000"
    },
    "done": true
  },
  "minecraft:recipes/building_blocks/stone_brick_stairs": {
    "criteria": {
      "has_stone_bricks": "2024-06-28 03:41:31 +0000"
    },
    "done": true
  },
  "minecraft:recipes/building_blocks/blue_concrete_powder": {
    "criteria": {
      "has_gravel": "2024-06-28 04:08:45 +0000"
    },
    "done": true
  },
  "minecraft:recipes/building_blocks/granite_slab_from_granite_stonecutting": {
    "criteria": {
      "has_granite": "2024-06-28 04:08:05 +0000"
    },
    "done": true
  },
  "smallships:recipes/transportation/jungle_cog": {
    "criteria": {
      "in_water": "2024-06-28 03:31:33 +0000"
    },
    "done": true
  },
  "biomesoplenty:recipes/misc/orange_dye_from_burning_blossom": {
    "criteria": {
      "has_flower": "2024-06-28 03:01:13 +0000"
    },
    "done": true
  },
  "biomesoplenty:recipes/misc/magenta_dye_from_wildflower": {
    "criteria": {
      "has_flower": "2024-06-28 04:10:06 +0000"
    },
    "done": true
  },
  "smallships:recipes/transportation/dark_oak_brigg": {
    "criteria": {
      "in_water": "2024-06-28 03:31:33 +0000"
    },
    "done": true
  },
  "securitycraft:recipes/building_blocks/reinforced_andesite_with_vanilla_diorite": {
    "criteria": {
      "has_cobblestone": "2024-06-28 03:55:46 +0000"
    },
    "done": true
  },
  "minecraft:recipes/decorations/crafting_table": {
    "criteria": {
      "unlock_right_away": "2024-06-28 02:52:21 +0000"
    },
    "done": true
  },
  "minecraft:recipes/decorations/chest": {
    "criteria": {
      "has_lots_of_items": "2024-06-28 03:51:04 +0000"
    },
    "done": true
  },
  "dungeons_enhanced:ambitious_explorer": {
    "criteria": {
      "entered_ruined_building": "2024-06-28 03:48:00 +0000"
    },
    "done": false
  },
  "smallships:recipes/transportation/birch_galley": {
    "criteria": {
      "in_water": "2024-06-28 03:31:33 +0000"
    },
    "done": true
  },
  "iceandfire:iceandfire/dragonsteel_weapon": {
    "criteria": {
      "sword": "2024-06-28 03:50:47 +0000"
    },
    "done": true
  },
  "minecraft:recipes/building_blocks/cobblestone_slab_from_cobblestone_stonecutting": {
    "criteria": {
      "has_cobblestone": "2024-06-28 03:55:46 +0000"
    },
    "done": true
  },
  "minecraft:recipes/transportation/cherry_boat": {
    "criteria": {
      "in_water": "2024-06-28 03:31:33 +0000"
    },
    "done": true
  },
  "minecraft:adventure/kill_all_mobs": {
    "criteria": {
      "minecraft:skeleton": "2024-06-28 03:46:04 +0000"
    },
    "done": false
  },
  "minecraft:recipes/decorations/granite_wall_from_granite_stonecutting": {
    "criteria": {
      "has_granite": "2024-06-28 04:08:05 +0000"
    },
    "done": true
  },
  "biomesoplenty:recipes/transportation/umbran_boat": {
    "criteria": {
      "in_water": "2024-06-28 03:31:33 +0000"
    },
    "done": true
  },
  "mowziesmobs:root": {
    "criteria": {
      "custom_test_name": "2024-06-28 02:52:21 +0000"
    },
    "done": true
  },
  "minecraft:recipes/building_blocks/stone": {
    "criteria": {
      "has_cobblestone": "2024-06-28 03:55:46 +0000"
    },
    "done": true
  },
  "smallships:recipes/transportation/oak_drakkar": {
    "criteria": {
      "in_water": "2024-06-28 03:31:33 +0000"
    },
    "done": true
  },
  "minecraft:recipes/transportation/bamboo_raft": {
    "criteria": {
      "in_water": "2024-06-28 03:31:33 +0000"
    },
    "done": true
  },
  "iceandfire:recipes/combat/armor_green_helmet": {
    "criteria": {
      "has_item": "2024-06-28 04:14:05 +0000"
    },
    "done": true
  },
  "smallships:recipes/transportation/mangrove_brigg": {
    "criteria": {
      "in_water": "2024-06-28 03:31:33 +0000"
    },
    "done": true
  },
  "alexscaves:alexscaves/uranium": {
    "criteria": {
      "uranium": "2024-06-28 03:51:04 +0000"
    },
    "done": true
  },
  "securitycraft:recipes/building_blocks/reinforced_andesite_with_vanilla_cobblestone": {
    "criteria": {
      "has_cobblestone": "2024-06-28 03:55:46 +0000"
    },
    "done": true
  },
  "minecraft:nether/obtain_ancient_debris": {
    "criteria": {
      "ancient_debris": "2024-06-28 03:08:43 +0000"
    },
    "done": true
  },
  "biomesoplenty:recipes/transportation/dead_boat": {
    "criteria": {
      "in_water": "2024-06-28 03:31:33 +0000"
    },
    "done": true
  },
  "tombstone:adventure/cancel_ghostly_shape": {
    "criteria": {
      "coded_trigger": "2024-06-28 04:11:28 +0000"
    },
    "done": true
  },
  "ad_astra:recipes/misc/smelting/coal_from_smelting_glacio_coal_ore": {
    "criteria": {
      "has_coal": "2024-06-28 03:04:46 +0000"
    },
    "done": true
  },
  "minecraft:recipes/building_blocks/polished_granite_from_granite_stonecutting": {
    "criteria": {
      "has_granite": "2024-06-28 04:08:05 +0000"
    },
    "done": true
  },
  "biomesoplenty:recipes/transportation/magic_boat": {
    "criteria": {
      "in_water": "2024-06-28 03:31:33 +0000"
    },
    "done": true
  },
  "minecraft:recipes/building_blocks/granite_slab": {
    "criteria": {
      "has_granite": "2024-06-28 04:08:05 +0000"
    },
    "done": true
  },
  "smallships:recipes/transportation/jungle_brigg": {
    "criteria": {
      "in_water": "2024-06-28 03:31:33 +0000"
    },
    "done": true
  },
  "tombstone:adventure/first_knowledge": {
    "criteria": {
      "coded_trigger": "2024-06-28 04:11:04 +0000"
    },
    "done": true
  },
  "smallships:recipes/transportation/spruce_galley": {
    "criteria": {
      "in_water": "2024-06-28 03:31:33 +0000"
    },
    "done": true
  },
  "minecraft:recipes/building_blocks/lime_concrete_powder": {
    "criteria": {
      "has_gravel": "2024-06-28 04:08:45 +0000"
    },
    "done": true
  },
  "smallships:recipes/transportation/birch_cog": {
    "criteria": {
      "in_water": "2024-06-28 03:31:33 +0000"
    },
    "done": true
  },
  "iceandfire:iceandfire/root": {
    "criteria": {
      "tick": "2024-06-28 02:52:21 +0000"
    },
    "done": true
  },
  "ad_astra:interstellar": {
    "criteria": {
      "entered_glacio": "2024-06-28 03:03:08 +0000"
    },
    "done": true
  },
  "iceandfire:recipes/combat/dragonbone_sword_lightning": {
    "criteria": {
      "has_item": "2024-06-28 03:42:56 +0000"
    },
    "done": true
  },
  "ad_astra:recipes/misc/blasting/coal_from_blasting_glacio_coal_ore": {
    "criteria": {
      "has_coal": "2024-06-28 03:04:46 +0000"
    },
    "done": true
  },
  "cfm:recipes/decorations/stripped_acacia_bedside_cabinet": {
    "criteria": {
      "has_log": "2024-06-28 03:41:31 +0000"
    },
    "done": true
  },
  "minecraft:story/lava_bucket": {
    "criteria": {
      "lava_bucket": "2024-06-28 03:15:29 +0000"
    },
    "done": true
  },
  "ad_astra:recipes/misc/blasting/iron_ingot_from_blasting_glacio_iron_ore": {
    "criteria": {
      "has_iron_ingot": "2024-06-28 03:05:36 +0000"
    },
    "done": true
  },
  "minecraft:recipes/misc/copper_ingot_from_blasting_raw_copper": {
    "criteria": {
      "has_raw_copper": "2024-06-28 04:08:02 +0000"
    },
    "done": true
  },
  "minecraft:recipes/food/cooked_beef_from_smoking": {
    "criteria": {
      "has_beef": "2024-06-28 03:26:41 +0000"
    },
    "done": true
  },
  "smallships:recipes/transportation/mangrove_drakkar": {
    "criteria": {
      "in_water": "2024-06-28 03:31:33 +0000"
    },
    "done": true
  },
  "cfm:recipes/decorations/stripped_acacia_coffee_table": {
    "criteria": {
      "has_log": "2024-06-28 03:41:31 +0000"
    },
    "done": true
  },
  "minecraft:recipes/building_blocks/orange_concrete_powder": {
    "criteria": {
      "has_gravel": "2024-06-28 04:08:45 +0000"
    },
    "done": true
  },
  "minecraft:recipes/food/cooked_porkchop": {
    "criteria": {
      "has_porkchop": "2024-06-28 03:54:04 +0000"
    },
    "done": true
  },
  "minecraft:recipes/building_blocks/raw_copper_block": {
    "criteria": {
      "has_raw_copper": "2024-06-28 04:08:02 +0000"
    },
    "done": true
  },
  "minecraft:recipes/building_blocks/granite_stairs": {
    "criteria": {
      "has_granite": "2024-06-28 04:08:05 +0000"
    },
    "done": true
  },
  "minecraft:recipes/building_blocks/stripped_acacia_wood": {
    "criteria": {
      "has_log": "2024-06-28 03:41:31 +0000"
    },
    "done": true
  },
  "minecraft:recipes/building_blocks/granite_stairs_from_granite_stonecutting": {
    "criteria": {
      "has_granite": "2024-06-28 04:08:05 +0000"
    },
    "done": true
  },
  "minecraft:recipes/tools/stone_pickaxe": {
    "criteria": {
      "has_cobblestone": "2024-06-28 03:55:46 +0000"
    },
    "done": true
  },
  "smallships:recipes/misc/sail": {
    "criteria": {
      "in_water": "2024-06-28 03:31:33 +0000"
    },
    "done": true
  },
  "ad_astra:recipes/misc/smelting/copper_ingot_from_smelting_glacio_copper_ore": {
    "criteria": {
      "has_copper_ingot": "2024-06-28 03:04:55 +0000"
    },
    "done": true
  },
  "minecraft:recipes/building_blocks/magenta_concrete_powder": {
    "criteria": {
      "has_gravel": "2024-06-28 04:08:45 +0000"
    },
    "done": true
  },
  "minecraft:recipes/decorations/campfire": {
    "criteria": {
      "has_coal": "2024-06-28 04:04:44 +0000"
    },
    "done": true
  },
  "cfm:recipes/decorations/stripped_acacia_blinds": {
    "criteria": {
      "has_log": "2024-06-28 03:41:31 +0000"
    },
    "done": true
  },
  "ad_astra:recipes/misc/smelting/iron_ingot_from_smelting_glacio_iron_ore": {
    "criteria": {
      "has_iron_ingot": "2024-06-28 03:05:36 +0000"
    },
    "done": true
  },
  "minecraft:recipes/decorations/granite_wall": {
    "criteria": {
      "has_granite": "2024-06-28 04:08:05 +0000"
    },
    "done": true
  },
  "tombstone:adventure/first_grave": {
    "criteria": {
      "coded_trigger": "2024-06-28 04:11:04 +0000"
    },
    "done": true
  },
  "cfm:recipes/decorations/stripped_acacia_kitchen_sink_dark": {
    "criteria": {
      "has_bottom": "2024-06-28 03:41:31 +0000"
    },
    "done": true
  },
  "minecraft:recipes/misc/charcoal": {
    "criteria": {
      "has_log": "2024-06-28 03:41:31 +0000"
    },
    "done": true
  },
  "minecraft:recipes/building_blocks/stone_brick_slab": {
    "criteria": {
      "has_stone_bricks": "2024-06-28 03:41:31 +0000"
    },
    "done": true
  },
  "minecraft:recipes/building_blocks/polished_granite_slab_from_granite_stonecutting": {
    "criteria": {
      "has_granite": "2024-06-28 04:08:05 +0000"
    },
    "done": true
  },
  "minecraft:recipes/building_blocks/polished_andesite_from_andesite_stonecutting": {
    "criteria": {
      "has_andesite": "2024-06-28 04:08:45 +0000"
    },
    "done": true
  },
  "cfm:recipes/decorations/stripped_acacia_kitchen_sink_light": {
    "criteria": {
      "has_bottom": "2024-06-28 03:41:31 +0000"
    },
    "done": true
  },
  "alexscaves:alexscaves/cave_codex": {
    "criteria": {
      "cave_codex": "2024-06-28 03:34:59 +0000"
    },
    "done": true
  },
  "ad_astra:moon": {
    "criteria": {
      "entered_moon": "2024-06-28 03:11:33 +0000"
    },
    "done": true
  },
  "biomesoplenty:biomesoplenty/root": {
    "criteria": {
      "scrubland": "2024-06-28 02:52:22 +0000"
    },
    "done": true
  },
  "minecraft:recipes/food/cooked_porkchop_from_grill_cooking": {
    "criteria": {
      "has_porkchop": "2024-06-28 03:54:04 +0000"
    },
    "done": true
  },
  "smallships:recipes/transportation/acacia_galley": {
    "criteria": {
      "in_water": "2024-06-28 03:31:33 +0000"
    },
    "done": true
  },
  "cfm:recipes/decorations/stripped_acacia_desk_cabinet": {
    "criteria": {
      "has_log": "2024-06-28 03:41:31 +0000"
    },
    "done": true
  },
  "minecraft:recipes/building_blocks/cobblestone_slab": {
    "criteria": {
      "has_cobblestone": "2024-06-28 03:55:46 +0000"
    },
    "done": true
  },
  "cfm:recipes/decorations/stripped_acacia_cabinet": {
    "criteria": {
      "has_planks": "2024-06-28 03:41:31 +0000"
    },
    "done": true
  },
  "minecraft:recipes/transportation/acacia_boat": {
    "criteria": {
      "in_water": "2024-06-28 03:31:33 +0000"
    },
    "done": true
  },
  "minecraft:adventure/root": {
    "criteria": {
      "killed_something": "2024-06-28 03:46:04 +0000"
    },
    "done": true
  },
  "mca:root": {
    "criteria": {
      "village_savanna": "2024-06-28 03:18:51 +0000"
    },
    "done": true
  },
  "mca:recipes/building_blocks/headstones": {
    "criteria": {
      "has_ingredients": "2024-06-28 03:55:46 +0000"
    },
    "done": true
  },
  "cfm:recipes/decorations/stripped_acacia_crate": {
    "criteria": {
      "has_log": "2024-06-28 03:41:31 +0000"
    },
    "done": true
  },
  "minecraft:recipes/building_blocks/black_concrete_powder": {
    "criteria": {
      "has_gravel": "2024-06-28 04:08:45 +0000"
    },
    "done": true
  },
  "mca:recipes/misc/bouquet": {
    "criteria": {
      "has_item": "2024-06-28 03:01:13 +0000"
    },
    "done": true
  },
  "minecraft:recipes/food/cooked_porkchop_from_smoking": {
    "criteria": {
      "has_porkchop": "2024-06-28 03:54:04 +0000"
    },
    "done": true
  },
  "tombstone:recipes/from_grave_dust": {
    "criteria": {
      "has_ingredient": "2024-06-28 04:13:00 +0000"
    },
    "done": true
  },
  "minecraft:recipes/decorations/barrel": {
    "criteria": {
      "has_wood_slab": "2024-06-28 03:41:31 +0000"
    },
    "done": true
  },
  "minecraft:recipes/decorations/cobblestone_wall_from_cobblestone_stonecutting": {
    "criteria": {
      "has_cobblestone": "2024-06-28 03:55:46 +0000"
    },
    "done": true
  },
  "minecraft:recipes/building_blocks/polished_andesite_stairs_from_andesite_stonecutting": {
    "criteria": {
      "has_andesite": "2024-06-28 04:08:45 +0000"
    },
    "done": true
  },
  "smallships:recipes/transportation/jungle_galley": {
    "criteria": {
      "in_water": "2024-06-28 03:31:33 +0000"
    },
    "done": true
  },
  "minecraft:recipes/building_blocks/cobblestone_stairs": {
    "criteria": {
      "has_cobblestone": "2024-06-28 03:55:46 +0000"
    },
    "done": true
  },
  "smallships:recipes/transportation/dark_oak_galley": {
    "criteria": {
      "in_water": "2024-06-28 03:31:33 +0000"
    },
    "done": true
  },
  "smallships:recipes/transportation/bamboo_brigg": {
    "criteria": {
      "in_water": "2024-06-28 03:31:33 +0000"
    },
    "done": true
  },
  "minecraft:recipes/building_blocks/purple_concrete_powder": {
    "criteria": {
      "has_gravel": "2024-06-28 04:08:45 +0000"
    },
    "done": true
  },
  "ad_astra:recipes/misc/blasting/ice_shard_from_blasting_glacio_ice_shard_ore": {
    "criteria": {
      "has_ice_shard": "2024-06-28 03:05:10 +0000"
    },
    "done": true
  },
  "tombstone:adventure/strong_or_careful": {
    "criteria": {
      "coded_trigger": "2024-06-28 04:11:04 +0000"
    },
    "done": true
  },
  "securitycraft:recipes/misc/sc_manual": {
    "criteria": {
      "has_wood": "2024-06-28 03:41:31 +0000"
    },
    "done": true
  },
  "minecraft:recipes/building_blocks/polished_granite_stairs_from_granite_stonecutting": {
    "criteria": {
      "has_granite": "2024-06-28 04:08:05 +0000"
    },
    "done": true
  },
  "minecraft:recipes/building_blocks/cyan_concrete_powder": {
    "criteria": {
      "has_gravel": "2024-06-28 04:08:45 +0000"
    },
    "done": true
  },
  "smallships:recipes/transportation/spruce_drakkar": {
    "criteria": {
      "in_water": "2024-06-28 03:31:33 +0000"
    },
    "done": true
  },
  "minecraft:recipes/tools/stone_shovel": {
    "criteria": {
      "has_cobblestone": "2024-06-28 03:55:46 +0000"
    },
    "done": true
  },
  "tombstone:adventure/root": {
    "criteria": {
      "auto": "2024-06-28 02:52:22 +0000"
    },
    "done": true
  },
  "minecraft:recipes/food/cooked_beef": {
    "criteria": {
      "has_beef": "2024-06-28 03:26:41 +0000"
    },
    "done": true
  },
  "minecraft:recipes/transportation/jungle_boat": {
    "criteria": {
      "in_water": "2024-06-28 03:31:33 +0000"
    },
    "done": true
  },
  "minecraft:story/enter_the_end": {
    "criteria": {
      "entered_end": "2024-06-28 02:53:15 +0000"
    },
    "done": true
  },
  "minecraft:recipes/redstone/lever": {
    "criteria": {
      "has_cobblestone": "2024-06-28 03:55:46 +0000"
    },
    "done": true
  },
  "minecraft:recipes/building_blocks/coarse_dirt": {
    "criteria": {
      "has_gravel": "2024-06-28 04:08:45 +0000"
    },
    "done": true
  },
  "minecraft:recipes/building_blocks/light_gray_concrete_powder": {
    "criteria": {
      "has_gravel": "2024-06-28 04:08:45 +0000"
    },
    "done": true
  },
  "iceandfire:recipes/misc/dragon_meal": {
    "criteria": {
      "has_item": "2024-06-28 03:26:41 +0000"
    },
    "done": true
  },
  "minecraft:recipes/building_blocks/pink_concrete_powder": {
    "criteria": {
      "has_gravel": "2024-06-28 04:08:45 +0000"
    },
    "done": true
  },
  "alexscaves:alexscaves/discover_dinosaur": {
    "criteria": {
      "interact_vallumraptor": "2024-06-28 03:27:15 +0000"
    },
    "done": true
  },
  "smallships:recipes/transportation/oak_brigg": {
    "criteria": {
      "in_water": "2024-06-28 03:31:33 +0000"
    },
    "done": true
  },
  "ad_astra:mercury": {
    "criteria": {
      "entered_mercury": "2024-06-28 03:14:26 +0000"
    },
    "done": true
  },
  "smallships:recipes/transportation/bamboo_cog": {
    "criteria": {
      "in_water": "2024-06-28 03:31:33 +0000"
    },
    "done": true
  },
  "smallships:recipes/combat/cannon": {
    "criteria": {
      "has_ship": "2024-06-28 03:33:23 +0000"
    },
    "done": true
  },
  "minecraft:recipes/combat/stone_sword": {
    "criteria": {
      "has_cobblestone": "2024-06-28 03:55:46 +0000"
    },
    "done": true
  },
  "minecraft:recipes/decorations/cobblestone_wall": {
    "criteria": {
      "has_cobblestone": "2024-06-28 03:55:46 +0000"
    },
    "done": true
  },
  "minecraft:recipes/tools/stone_axe": {
    "criteria": {
      "has_cobblestone": "2024-06-28 03:55:46 +0000"
    },
    "done": true
  },
  "minecraft:recipes/building_blocks/brown_concrete_powder": {
    "criteria": {
      "has_gravel": "2024-06-28 04:08:45 +0000"
    },
    "done": true
  },
  "minecraft:recipes/building_blocks/light_blue_concrete_powder": {
    "criteria": {
      "has_gravel": "2024-06-28 04:08:45 +0000"
    },
    "done": true
  },
  "minecraft:recipes/building_blocks/glass": {
    "criteria": {
      "has_smelts_to_glass": "2024-06-28 04:14:43 +0000"
    },
    "done": true
  },
  "cfm:recipes/decorations/stripped_acacia_upgraded_gate": {
    "criteria": {
      "has_log": "2024-06-28 03:41:31 +0000"
    },
    "done": true
  },
  "minecraft:story/enter_the_nether": {
    "criteria": {
      "entered_nether": "2024-06-28 02:52:57 +0000"
    },
    "done": true
  },
  "securitycraft:recipes/redstone/laser_block": {
    "criteria": {
      "has_stone": "2024-06-28 03:55:46 +0000"
    },
    "done": true
  },
  "iceandfire:recipes/combat/armor_green_chestplate": {
    "criteria": {
      "has_item": "2024-06-28 04:14:05 +0000"
    },
    "done": true
  },
  "minecraft:recipes/decorations/composter": {
    "criteria": {
      "has_wood_slab": "2024-06-28 03:41:31 +0000"
    },
    "done": true
  },
  "minecraft:recipes/decorations/andesite_wall_from_andesite_stonecutting": {
    "criteria": {
      "has_andesite": "2024-06-28 04:08:45 +0000"
    },
    "done": true
  },
  "minecraft:recipes/building_blocks/chiseled_stone_bricks": {
    "criteria": {
      "has_tag": "2024-06-28 03:41:31 +0000"
    },
    "done": true
  },
  "iceandfire:iceandfire/dragonbone_flaming_sword": {
    "criteria": {
      "sword": "2024-06-28 03:44:14 +0000"
    },
    "done": true
  },
  "biomesoplenty:recipes/transportation/fir_boat": {
    "criteria": {
      "in_water": "2024-06-28 03:31:33 +0000"
    },
    "done": true
  },
  "cfm:recipes/decorations/rock_path": {
    "criteria": {
      "has_andesite": "2024-06-28 04:08:45 +0000"
    },
    "done": true
  },
  "biomesoplenty:biomesoplenty/all_biomes": {
    "criteria": {
      "woodland": "2024-06-28 03:18:25 +0000",
      "shrubland": "2024-06-28 03:31:57 +0000",
      "rocky_shrubland": "2024-06-28 03:32:15 +0000",
      "scrubland": "2024-06-28 02:52:22 +0000",
      "old_growth_woodland": "2024-06-28 03:30:46 +0000",
      "crystalline_chasm": "2024-06-28 02:56:36 +0000",
      "withered_abyss": "2024-06-28 02:59:11 +0000",
      "undergrowth": "2024-06-28 02:56:58 +0000"
    },
    "done": false
  },
  "minecraft:recipes/building_blocks/polished_andesite_slab_from_andesite_stonecutting": {
    "criteria": {
      "has_andesite": "2024-06-28 04:08:45 +0000"
    },
    "done": true
  },
  "minecraft:recipes/building_blocks/white_concrete_powder": {
    "criteria": {
      "has_gravel": "2024-06-28 04:08:45 +0000"
    },
    "done": true
  },
  "minecraft:recipes/misc/netherite_scrap": {
    "criteria": {
      "has_ancient_debris": "2024-06-28 03:08:43 +0000"
    },
    "done": true
  },
  "minecraft:recipes/food/cooked_porkchop_from_campfire_cooking": {
    "criteria": {
      "has_porkchop": "2024-06-28 03:54:04 +0000"
    },
    "done": true
  },
  "dungeons_enhanced:root": {
    "criteria": {
      "entered_ruined_building": "2024-06-28 03:48:00 +0000"
    },
    "done": true
  },
  "smallships:recipes/transportation/oak_cog": {
    "criteria": {
      "in_water": "2024-06-28 03:31:33 +0000"
    },
    "done": true
  },
  "minecraft:recipes/misc/bone_meal": {
    "criteria": {
      "has_bone": "2024-06-28 03:46:09 +0000"
    },
    "done": true
  },
  "alexscaves:alexscaves/tremorzilla_egg": {
    "criteria": {
      "quarry": "2024-06-28 03:38:03 +0000"
    },
    "done": true
  },
  "smallships:recipes/transportation/oak_galley": {
    "criteria": {
      "in_water": "2024-06-28 03:31:33 +0000"
    },
    "done": true
  },
  "minecraft:recipes/transportation/spruce_boat": {
    "criteria": {
      "in_water": "2024-06-28 03:31:33 +0000"
    },
    "done": true
  },
  "iceandfire:recipes/misc/bestiary": {
    "criteria": {
      "has_item": "2024-06-28 03:24:32 +0000"
    },
    "done": true
  },
  "smallships:recipes/transportation/acacia_brigg": {
    "criteria": {
      "in_water": "2024-06-28 03:31:33 +0000"
    },
    "done": true
  },
  "ad_astra:recipes/misc/blasting/copper_ingot_from_blasting_glacio_copper_ore": {
    "criteria": {
      "has_copper_ingot": "2024-06-28 03:04:55 +0000"
    },
    "done": true
  },
  "minecraft:husbandry/root": {
    "criteria": {
      "consumed_item": "2024-06-28 03:26:49 +0000"
    },
    "done": true
  },
  "minecraft:recipes/transportation/birch_boat": {
    "criteria": {
      "in_water": "2024-06-28 03:31:33 +0000"
    },
    "done": true
  },
  "cfm:recipes/decorations/stripped_acacia_table": {
    "criteria": {
      "has_log": "2024-06-28 03:41:31 +0000"
    },
    "done": true
  },
  "minecraft:recipes/transportation/oak_boat": {
    "criteria": {
      "in_water": "2024-06-28 03:31:33 +0000"
    },
    "done": true
  },
  "biomesoplenty:recipes/transportation/redwood_boat": {
    "criteria": {
      "in_water": "2024-06-28 03:31:33 +0000"
    },
    "done": true
  },
  "minecraft:recipes/building_blocks/andesite_slab_from_andesite_stonecutting": {
    "criteria": {
      "has_andesite": "2024-06-28 04:08:45 +0000"
    },
    "done": true
  },
  "minecraft:recipes/building_blocks/coal_block": {
    "criteria": {
      "has_coal": "2024-06-28 04:04:44 +0000"
    },
    "done": true
  },
  "iceandfire:recipes/building_blocks/dragonscales_green_to_dragonscale_green": {
    "criteria": {
      "has_dragonscales_green": "2024-06-28 04:14:05 +0000"
    },
    "done": true
  },
  "smallships:recipes/transportation/mangrove_galley": {
    "criteria": {
      "in_water": "2024-06-28 03:31:33 +0000"
    },
    "done": true
  },
  "smallships:recipes/transportation/dark_oak_cog": {
    "criteria": {
      "in_water": "2024-06-28 03:31:33 +0000"
    },
    "done": true
  },
  "smallships:recipes/transportation/birch_drakkar": {
    "criteria": {
      "in_water": "2024-06-28 03:31:33 +0000"
    },
    "done": true
  },
  "minecraft:recipes/transportation/mangrove_boat": {
    "criteria": {
      "in_water": "2024-06-28 03:31:33 +0000"
    },
    "done": true
  },
  "minecraft:recipes/building_blocks/andesite_stairs_from_andesite_stonecutting": {
    "criteria": {
      "has_andesite": "2024-06-28 04:08:45 +0000"
    },
    "done": true
  },
  "minecraft:recipes/decorations/acacia_hanging_sign": {
    "criteria": {
      "has_stripped_logs": "2024-06-28 03:41:31 +0000"
    },
    "done": true
  },
  "ad_astra:recipes/misc/smelting/ice_shard_from_smelting_glacio_ice_shard_ore": {
    "criteria": {
      "has_ice_shard": "2024-06-28 03:05:10 +0000"
    },
    "done": true
  },
  "alexscaves:alexscaves/discover_primordial_caves": {
    "criteria": {
      "discover": "2024-06-28 03:21:48 +0000"
    },
    "done": true
  },
  "alexscaves:alexscaves/shadow_armor": {
    "criteria": {
      "helmet": "2024-06-28 03:58:31 +0000",
      "tunic": "2024-06-28 03:58:33 +0000"
    },
    "done": true
  },
  "cfm:recipes/decorations/stripped_acacia_park_bench": {
    "criteria": {
      "has_planks": "2024-06-28 03:41:31 +0000"
    },
    "done": true
  },
  "biomesoplenty:recipes/transportation/hellbark_boat": {
    "criteria": {
      "in_water": "2024-06-28 03:31:33 +0000"
    },
    "done": true
  },
  "smallships:recipes/transportation/dark_oak_drakkar": {
    "criteria": {
      "in_water": "2024-06-28 03:31:33 +0000"
    },
    "done": true
  },
  "ad_astra:solar_panel": {
    "criteria": {
      "has_solar_panel": "2024-06-28 03:02:11 +0000"
    },
    "done": true
  },
  "cfm:recipes/decorations/stripped_acacia_upgraded_fence": {
    "criteria": {
      "has_log": "2024-06-28 03:41:31 +0000"
    },
    "done": true
  },
  "biomesoplenty:recipes/transportation/jacaranda_boat": {
    "criteria": {
      "in_water": "2024-06-28 03:31:33 +0000"
    },
    "done": true
  },
  "smallships:recipes/transportation/jungle_drakkar": {
    "criteria": {
      "in_water": "2024-06-28 03:31:33 +0000"
    },
    "done": true
  },
  "minecraft:nether/root": {
    "criteria": {
      "entered_nether": "2024-06-28 02:52:57 +0000"
    },
    "done": true
  },
  "biomesoplenty:recipes/transportation/mahogany_boat": {
    "criteria": {
      "in_water": "2024-06-28 03:31:33 +0000"
    },
    "done": true
  },
  "minecraft:recipes/food/cooked_beef_from_grill_cooking": {
    "criteria": {
      "has_beef": "2024-06-28 03:26:41 +0000"
    },
    "done": true
  },
  "cfm:recipes/decorations/stripped_acacia_kitchen_counter": {
    "criteria": {
      "has_planks": "2024-06-28 03:41:31 +0000"
    },
    "done": true
  },
  "simplytools:recipes/tools/stone_excavator_head": {
    "criteria": {
      "criterion0": "2024-06-28 03:55:46 +0000"
    },
    "done": true
  },
  "smallships:recipes/transportation/birch_brigg": {
    "criteria": {
      "in_water": "2024-06-28 03:31:33 +0000"
    },
    "done": true
  },
  "alexscaves:alexscaves/cave_book": {
    "criteria": {
      "cave_book": "2024-06-28 03:35:10 +0000"
    },
    "done": true
  },
  "cfm:recipes/decorations/stripped_acacia_desk": {
    "criteria": {
      "has_log": "2024-06-28 03:41:31 +0000"
    },
    "done": true
  },
  "smallships:recipes/transportation/acacia_drakkar": {
    "criteria": {
      "in_water": "2024-06-28 03:31:33 +0000"
    },
    "done": true
  },
  "biomesoplenty:recipes/transportation/palm_boat": {
    "criteria": {
      "in_water": "2024-06-28 03:31:33 +0000"
    },
    "done": true
  },
  "minecraft:end/find_end_city": {
    "criteria": {
      "in_city": "2024-06-28 02:54:19 +0000"
    },
    "done": true
  },
  "minecraft:recipes/building_blocks/polished_andesite": {
    "criteria": {
      "has_andesite": "2024-06-28 04:08:45 +0000"
    },
    "done": true
  },
  "smallships:recipes/transportation/cherry_galley": {
    "criteria": {
      "in_water": "2024-06-28 03:31:33 +0000"
    },
    "done": true
  },
  "minecraft:recipes/building_blocks/polished_granite": {
    "criteria": {
      "has_granite": "2024-06-28 04:08:05 +0000"
    },
    "done": true
  },
  "minecraft:recipes/building_blocks/yellow_concrete_powder": {
    "criteria": {
      "has_gravel": "2024-06-28 04:08:45 +0000"
    },
    "done": true
  },
  "securitycraft:recipes/building_blocks/reinforced_andesite": {
    "criteria": {
      "has_cobblestone": "2024-06-28 03:55:46 +0000"
    },
    "done": true
  },
  "smallships:recipes/transportation/cherry_brigg": {
    "criteria": {
      "in_water": "2024-06-28 03:31:33 +0000"
    },
    "done": true
  },
  "smallships:recipes/transportation/spruce_brigg": {
    "criteria": {
      "in_water": "2024-06-28 03:31:33 +0000"
    },
    "done": true
  },
  "securitycraft:recipes/building_blocks/reinforced_diorite": {
    "criteria": {
      "has_cobblestone": "2024-06-28 03:55:46 +0000"
    },
    "done": true
  },
  "minecraft:end/root": {
    "criteria": {
      "entered_end": "2024-06-28 02:53:15 +0000"
    },
    "done": true
  },
  "minecraft:recipes/building_blocks/gray_concrete_powder": {
    "criteria": {
      "has_gravel": "2024-06-28 04:08:45 +0000"
    },
    "done": true
  },
  "minecraft:adventure/kill_a_mob": {
    "criteria": {
      "minecraft:skeleton": "2024-06-28 03:46:04 +0000"
    },
    "done": true
  },
  "minecraft:adventure/adventuring_time": {
    "criteria": {
      "minecraft:savanna_plateau": "2024-06-28 03:30:35 +0000",
      "minecraft:beach": "2024-06-28 03:18:28 +0000",
      "minecraft:lukewarm_ocean": "2024-06-28 03:18:30 +0000",
      "minecraft:river": "2024-06-28 03:18:48 +0000",
      "minecraft:dripstone_caves": "2024-06-28 03:30:22 +0000",
      "minecraft:savanna": "2024-06-28 03:30:18 +0000",
      "minecraft:plains": "2024-06-28 03:30:39 +0000"
    },
    "done": false
  },
  "minecraft:recipes/decorations/andesite_wall": {
    "criteria": {
      "has_andesite": "2024-06-28 04:08:45 +0000"
    },
    "done": true
  },
  "minecraft:recipes/building_blocks/andesite_slab": {
    "criteria": {
      "has_andesite": "2024-06-28 04:08:45 +0000"
    },
    "done": true
  },
  "cfm:recipes/decorations/stripped_acacia_chair": {
    "criteria": {
      "has_log": "2024-06-28 03:41:31 +0000"
    },
    "done": true
  },
  "minecraft:recipes/building_blocks/cobblestone_stairs_from_cobblestone_stonecutting": {
    "criteria": {
      "has_cobblestone": "2024-06-28 03:55:46 +0000"
    },
    "done": true
  },
  "iceandfire:recipes/combat/armor_green_boots": {
    "criteria": {
      "has_item": "2024-06-28 04:14:05 +0000"
    },
    "done": true
  },
  "minecraft:husbandry/balanced_diet": {
    "criteria": {
      "beef": "2024-06-28 03:26:49 +0000"
    },
    "done": false
  },
  "minecraft:recipes/tools/stone_hoe": {
    "criteria": {
      "has_cobblestone": "2024-06-28 03:55:46 +0000"
    },
    "done": true
  },
  "smallships:recipes/transportation/mangrove_cog": {
    "criteria": {
      "in_water": "2024-06-28 03:31:33 +0000"
    },
    "done": true
  },
  "minecraft:recipes/building_blocks/acacia_planks": {
    "criteria": {
      "has_log": "2024-06-28 03:41:31 +0000"
    },
    "done": true
  },
  "smallships:recipes/transportation/cherry_cog": {
    "criteria": {
      "in_water": "2024-06-28 03:31:33 +0000"
    },
    "done": true
  },
  "minecraft:recipes/misc/copper_ingot_from_smelting_raw_copper": {
    "criteria": {
      "has_raw_copper": "2024-06-28 04:08:02 +0000"
    },
    "done": true
  },
  "alexscaves:alexscaves/raygun": {
    "criteria": {
      "raygun": "2024-06-28 03:52:02 +0000"
    },
    "done": true
  },
  "minecraft:recipes/transportation/dark_oak_boat": {
    "criteria": {
      "in_water": "2024-06-28 03:31:33 +0000"
    },
    "done": true
  },
  "simplytools:recipes/tools/stone_hammer_head": {
    "criteria": {
      "criterion0": "2024-06-28 03:55:46 +0000"
    },
    "done": true
  },
  "minecraft:recipes/misc/mojang_banner_pattern": {
    "criteria": {
      "has_enchanted_golden_apple": "2024-06-28 03:57:06 +0000"
    },
    "done": true
  },
  "minecraft:recipes/food/cooked_beef_from_campfire_cooking": {
    "criteria": {
      "has_beef": "2024-06-28 03:26:41 +0000"
    },
    "done": true
  },
  "ad_astra:mars": {
    "criteria": {
      "entered_mars": "2024-06-28 03:05:40 +0000"
    },
    "done": true
  },
  "DataVersion": 3465
}