{
  "iceandfire:iceandfire/root": {
    "criteria": {
      "tick": "2024-06-27 23:58:37 +0000"
    },
    "done": true
  },
  "mca:recipes/building_blocks/headstones": {
    "criteria": {
      "has_the_upright_recipe": "2024-06-27 23:58:37 +0000"
    },
    "done": true
  },
  "mowziesmobs:root": {
    "criteria": {
      "custom_test_name": "2024-06-27 23:58:37 +0000"
    },
    "done": true
  },
  "minecraft:adventure/adventuring_time": {
    "criteria": {
      "minecraft:cherry_grove": "2024-06-28 00:24:01 +0000",
      "minecraft:sunflower_plains": "2024-06-28 00:24:00 +0000",
      "minecraft:beach": "2024-06-28 00:25:36 +0000",
      "minecraft:sparse_jungle": "2024-06-27 23:58:37 +0000",
      "minecraft:river": "2024-06-28 00:25:17 +0000",
      "minecraft:savanna": "2024-06-28 00:25:20 +0000",
      "minecraft:plains": "2024-06-28 00:00:39 +0000"
    },
    "done": false
  },
  "tombstone:adventure/root": {
    "criteria": {
      "auto": "2024-06-27 23:58:37 +0000"
    },
    "done": true
  },
  "mca:root": {
    "criteria": {
      "village_plains": "2024-06-28 00:00:39 +0000"
    },
    "done": true
  },
  "biomesoplenty:biomesoplenty/all_biomes": {
    "criteria": {
      "shrubland": "2024-06-28 00:24:25 +0000",
      "rocky_shrubland": "2024-06-28 00:24:20 +0000",
      "orchard": "2024-06-28 00:24:07 +0000"
    },
    "done": false
  },
  "biomesoplenty:biomesoplenty/root": {
    "criteria": {
      "orchard": "2024-06-28 00:24:07 +0000"
    },
    "done": true
  },
  "DataVersion": 3465
}