{
  "minecraft:recipes/decorations/crafting_table": {
    "criteria": {
      "unlock_right_away": "2024-06-28 06:03:55 +0000"
    },
    "done": true
  },
  "mowziesmobs:root": {
    "criteria": {
      "custom_test_name": "2024-06-28 06:03:55 +0000"
    },
    "done": true
  },
  "iceandfire:iceandfire/root": {
    "criteria": {
      "tick": "2024-06-28 06:03:55 +0000"
    },
    "done": true
  },
  "betternether:root": {
    "criteria": {
      "welcome": "2024-06-28 06:03:56 +0000"
    },
    "done": true
  },
  "betterend:root": {
    "criteria": {
      "welcome": "2024-06-28 06:03:56 +0000"
    },
    "done": true
  },
  "tombstone:adventure/root": {
    "criteria": {
      "auto": "2024-06-28 06:03:56 +0000"
    },
    "done": true
  },
  "minecraft:adventure/adventuring_time": {
    "criteria": {
      "minecraft:river": "2024-06-28 06:07:53 +0000",
      "minecraft:forest": "2024-06-28 06:03:56 +0000"
    },
    "done": false
  },
  "minecraft:story/enter_the_end": {
    "criteria": {
      "entered_end": "2024-06-28 06:08:42 +0000"
    },
    "done": true
  },
  "betterend:enter_end": {
    "criteria": {
      "entered_end": "2024-06-28 06:08:42 +0000"
    },
    "done": true
  },
  "betterend:all_the_biomes": {
    "criteria": {
      "betterend:umbra_valley": "2024-06-28 06:08:51 +0000",
      "betterend:umbrella_jungle": "2024-06-28 06:09:53 +0000"
    },
    "done": false
  },
  "minecraft:end/root": {
    "criteria": {
      "entered_end": "2024-06-28 06:08:42 +0000"
    },
    "done": true
  },
  "DataVersion": 3465
}